Day,Month,Year,pm10_egnatia,pm10_egnatia_yest,pm10_lagkada,pm25_egnatia,no2_egnatia,so2_egnatia,temperature_egnatia,humidity_egnatia,WINDS_kord,Target
2557,1,1,2007,109.0,73.0,99.0,70.0,98.0,55.0,7.9,60.0,0.79,99.0
2558,2,1,2007,99.0,109.0,100.0,61.0,111.0,68.0,10.8,63.0,2.38,46.0
2559,3,1,2007,46.0,99.0,18.0,27.0,90.0,17.0,9.4,56.0,1.47,44.0
2560,4,1,2007,44.0,46.0,29.0,29.0,97.0,31.0,7.8,43.0,0.86,63.0
2561,5,1,2007,63.0,44.0,60.0,43.0,99.0,42.0,6.6,56.0,0.77,45.0
2562,6,1,2007,45.0,63.0,27.0,32.0,92.0,32.0,9.6,49.0,0.78,63.0
2563,7,1,2007,63.0,45.0,49.0,47.0,104.0,45.0,10.1,51.0,0.55,109.0
2564,8,1,2007,109.0,63.0,101.0,65.0,117.0,73.0,10.0,61.0,0.6,120.0
2565,9,1,2007,120.0,109.0,94.0,72.0,120.0,71.0,10.1,69.0,0.48,147.0
2566,10,1,2007,147.0,120.0,133.0,93.0,132.0,78.0,10.2,69.0,0.47,150.0
2567,11,1,2007,150.0,147.0,143.0,90.0,128.0,55.0,10.5,68.0,1.39,124.0
2568,12,1,2007,124.0,150.0,86.0,68.0,113.0,46.0,11.2,60.0,2.38,42.0
2569,13,1,2007,42.0,124.0,29.0,28.0,93.0,15.0,11.3,35.0,0.55,95.0
2570,14,1,2007,95.0,42.0,67.0,65.0,105.0,45.0,11.3,50.0,1.17,72.0
2571,15,1,2007,72.0,95.0,50.0,48.0,102.0,33.0,13.1,48.0,0.55,103.0
2572,16,1,2007,103.0,72.0,97.0,59.0,123.0,54.0,10.5,51.0,0.54,146.0
2573,17,1,2007,146.0,103.0,119.0,84.0,124.0,68.0,9.6,56.0,0.53,153.0
2574,18,1,2007,153.0,146.0,133.0,93.0,128.0,85.0,11.1,51.0,0.53,151.0
2575,19,1,2007,151.0,153.0,117.0,90.0,135.0,66.0,12.9,59.0,2.81,57.0
2576,20,1,2007,57.0,151.0,48.0,35.0,91.0,15.0,16.1,30.0,0.59,70.0
2577,21,1,2007,70.0,57.0,47.0,52.0,103.0,30.0,13.7,56.0,0.97,84.0
2578,22,1,2007,84.0,70.0,65.0,60.0,105.0,26.0,12.1,75.0,0.59,82.0
2579,23,1,2007,82.0,84.0,64.0,54.0,101.0,20.0,13.1,76.0,1.98,55.0
2580,24,1,2007,55.0,82.0,50.0,30.0,81.0,9.0,16.8,48.0,1.63,50.0
2581,25,1,2007,50.0,55.0,32.0,35.0,99.0,13.0,16.5,42.0,0.99,60.0
2582,26,1,2007,60.0,50.0,44.0,46.0,96.0,26.0,13.9,68.0,0.83,65.0
2583,27,1,2007,65.0,60.0,27.0,39.0,96.0,16.0,12.2,64.0,4.03,29.0
2584,28,1,2007,29.0,65.0,12.0,22.0,86.0,7.0,6.3,26.0,0.77,55.0
2585,29,1,2007,55.0,29.0,48.0,34.0,114.0,41.0,7.5,37.0,2.4,35.0
2586,30,1,2007,35.0,55.0,23.0,23.0,106.0,19.0,10.9,32.0,1.16,46.0
2588,1,2,2007,74.0,46.0,61.0,45.0,119.0,41.0,11.1,49.0,2.75,40.0
2589,2,2,2007,40.0,74.0,23.0,24.0,99.0,18.0,10.5,40.0,1.85,51.0
2590,3,2,2007,51.0,40.0,18.0,28.0,101.0,20.0,9.0,41.0,3.02,45.0
2591,4,2,2007,45.0,51.0,18.0,26.0,85.0,15.0,8.2,44.0,1.93,46.0
2592,5,2,2007,46.0,45.0,18.0,27.0,115.0,28.0,7.8,41.0,0.92,56.0
2593,6,2,2007,56.0,46.0,58.0,40.0,104.0,36.0,8.2,46.0,0.59,151.0
2594,7,2,2007,151.0,56.0,155.0,88.0,123.0,78.0,7.9,52.0,0.48,130.0
2595,8,2,2007,130.0,151.0,115.0,87.0,123.0,62.0,10.3,56.0,0.61,120.0
2596,9,2,2007,120.0,130.0,104.0,72.0,119.0,22.0,12.3,59.0,0.55,92.0
2597,10,2,2007,92.0,120.0,75.0,58.0,94.0,29.0,12.6,59.0,0.87,66.0
2598,11,2,2007,66.0,92.0,55.0,43.0,95.0,22.0,14.0,54.0,1.02,69.0
2599,12,2,2007,69.0,66.0,38.0,39.0,97.0,22.0,13.7,60.0,0.95,84.0
2600,13,2,2007,84.0,69.0,64.0,50.0,94.0,31.0,13.1,72.0,3.06,40.0
2601,14,2,2007,40.0,84.0,49.0,23.0,85.0,12.0,12.0,47.0,1.5,47.0
2602,15,2,2007,47.0,40.0,26.0,30.0,90.0,29.0,12.9,44.0,0.75,68.0
2603,16,2,2007,68.0,47.0,50.0,44.0,92.0,64.0,11.8,66.0,1.03,43.0
2604,17,2,2007,43.0,68.0,27.0,25.0,84.0,9.0,11.6,56.0,1.05,32.0
2605,18,2,2007,32.0,43.0,19.0,23.0,73.0,17.0,9.2,58.0,0.63,42.0
2606,19,2,2007,42.0,32.0,33.0,31.0,70.0,26.0,9.7,67.0,0.67,71.0
2607,20,2,2007,71.0,42.0,63.0,47.0,78.0,39.0,11.1,76.0,0.73,90.0
2608,21,2,2007,90.0,71.0,77.0,58.0,105.0,37.0,11.5,73.0,0.86,76.0
2609,22,2,2007,76.0,90.0,59.0,49.0,107.0,31.0,12.2,69.0,0.66,98.0
2610,23,2,2007,98.0,76.0,78.0,59.0,99.0,40.0,12.8,69.0,2.1,47.0
2611,24,2,2007,47.0,98.0,26.0,26.0,94.0,13.0,7.8,54.0,1.38,40.0
2612,25,2,2007,40.0,47.0,26.0,26.0,95.0,15.0,6.6,51.0,0.94,54.0
2613,26,2,2007,54.0,40.0,34.0,34.0,92.0,27.0,8.7,56.0,1.45,37.0
2614,27,2,2007,37.0,54.0,17.0,27.0,99.0,19.0,8.5,79.0,2.03,58.0
2616,1,3,2007,76.0,58.0,73.0,45.0,103.0,51.0,13.1,60.0,0.83,96.0
2617,2,3,2007,96.0,76.0,84.0,59.0,111.0,57.0,14.4,61.0,1.29,57.0
2618,3,3,2007,57.0,96.0,40.0,35.0,105.0,15.0,16.8,42.0,1.73,49.0
2619,4,3,2007,49.0,57.0,38.0,30.0,97.0,14.0,16.3,41.0,1.16,34.0
2620,5,3,2007,34.0,49.0,18.0,27.0,93.0,13.0,13.8,38.0,1.24,39.0
2621,6,3,2007,39.0,34.0,31.0,29.0,88.0,17.0,12.7,62.0,1.09,47.0
2622,7,3,2007,47.0,39.0,42.0,32.0,87.0,20.0,12.4,70.0,1.01,60.0
2623,8,3,2007,60.0,47.0,56.0,40.0,92.0,22.0,12.7,66.0,1.15,77.0
2624,9,3,2007,77.0,60.0,61.0,46.0,97.0,33.0,12.6,65.0,1.19,54.0
2625,10,3,2007,54.0,77.0,41.0,34.0,83.0,47.0,11.9,58.0,0.91,61.0
2626,11,3,2007,61.0,54.0,40.0,42.0,82.0,36.0,10.9,68.0,1.18,63.0
2627,12,3,2007,63.0,61.0,45.0,40.0,112.0,31.0,13.2,48.0,1.0,79.0
2628,13,3,2007,79.0,63.0,49.0,52.0,103.0,27.0,13.0,59.0,1.24,61.0
2629,14,3,2007,61.0,79.0,40.0,35.0,114.0,27.0,13.5,40.0,1.05,85.0
2630,15,3,2007,85.0,61.0,59.0,52.0,116.0,39.0,14.5,47.0,1.11,75.0
2631,16,3,2007,75.0,85.0,44.0,49.0,113.0,27.0,14.7,55.0,0.91,72.0
2632,17,3,2007,72.0,75.0,54.0,48.0,98.0,18.0,13.5,72.0,0.96,77.0
2633,18,3,2007,77.0,72.0,51.0,46.0,111.0,23.0,17.0,47.0,1.06,83.0
2634,19,3,2007,83.0,77.0,41.0,49.0,114.0,28.0,16.8,42.0,2.6,62.0
2635,20,3,2007,62.0,83.0,27.0,36.0,80.0,5.0,17.8,40.0,3.09,54.0
2636,21,3,2007,54.0,62.0,18.0,32.0,83.0,8.0,15.4,48.0,1.01,46.0
2637,22,3,2007,46.0,54.0,20.0,28.0,90.0,11.0,12.8,57.0,1.17,52.0
2638,23,3,2007,52.0,46.0,25.0,34.0,87.0,12.0,12.3,63.0,0.86,45.0
2639,24,3,2007,45.0,52.0,30.0,32.0,92.0,15.0,14.5,50.0,1.0,41.0
2640,25,3,2007,41.0,45.0,18.0,30.0,90.0,20.0,14.7,52.0,1.5,49.0
2641,26,3,2007,49.0,41.0,22.0,34.0,105.0,12.0,11.8,69.0,1.22,71.0
2642,27,3,2007,71.0,49.0,35.0,42.0,94.0,11.0,10.0,70.0,1.28,49.0
2643,28,3,2007,49.0,71.0,20.0,32.0,93.0,9.0,11.2,42.0,0.98,60.0
2644,29,3,2007,60.0,49.0,42.0,38.0,112.0,19.0,11.2,57.0,0.82,67.0
2645,30,3,2007,67.0,60.0,53.0,43.0,113.0,21.0,11.6,65.0,1.05,63.0
2647,1,4,2007,34.0,63.0,23.0,23.0,68.0,13.0,12.9,70.0,1.15,51.0
2648,2,4,2007,51.0,34.0,44.0,28.0,95.0,26.0,14.4,54.0,1.0,62.0
2649,3,4,2007,62.0,51.0,55.0,38.0,109.0,22.0,14.9,49.0,1.14,66.0
2650,4,4,2007,66.0,62.0,59.0,42.0,118.0,18.0,13.7,61.0,1.26,59.0
2651,5,4,2007,59.0,66.0,24.0,33.0,100.0,13.0,14.3,62.0,0.97,59.0
2652,6,4,2007,59.0,59.0,38.0,38.0,98.0,17.0,15.7,55.0,0.91,56.0
2653,7,4,2007,56.0,59.0,41.0,36.0,104.0,15.0,17.6,47.0,1.14,42.0
2654,8,4,2007,42.0,56.0,23.0,23.0,96.0,8.0,19.2,29.0,1.41,42.0
2655,9,4,2007,42.0,42.0,26.0,27.0,87.0,7.0,18.5,34.0,1.0,76.0
2656,10,4,2007,76.0,42.0,63.0,47.0,122.0,25.0,18.2,43.0,1.72,78.0
2657,11,4,2007,78.0,76.0,60.0,45.0,121.0,16.0,19.5,39.0,1.25,54.0
2658,12,4,2007,54.0,78.0,30.0,29.0,98.0,11.0,17.8,47.0,0.97,74.0
2659,13,4,2007,74.0,54.0,50.0,42.0,116.0,22.0,17.7,46.0,0.96,72.0
2660,14,4,2007,72.0,74.0,47.0,45.0,114.0,14.0,17.8,55.0,1.34,116.0
2661,15,4,2007,116.0,72.0,43.0,58.0,102.0,12.0,19.0,48.0,1.45,59.0
2662,16,4,2007,59.0,116.0,20.0,33.0,107.0,6.0,13.9,55.0,1.44,67.0
2663,17,4,2007,67.0,59.0,29.0,35.0,94.0,17.0,13.5,54.0,1.17,70.0
2667,21,4,2007,66.0,54.0,52.0,48.0,93.0,16.0,17.7,55.0,1.31,65.0
2670,24,4,2007,57.0,51.0,40.0,34.0,111.0,9.0,17.8,43.0,1.32,66.0
2671,25,4,2007,66.0,57.0,34.0,39.0,115.0,13.0,16.4,61.0,0.78,45.0
2674,28,4,2007,60.0,43.0,47.0,40.0,106.0,12.0,18.1,46.0,1.08,90.0
2675,29,4,2007,90.0,60.0,48.0,49.0,106.0,11.0,19.8,49.0,1.02,104.0
2677,1,5,2007,47.0,104.0,23.0,32.0,55.0,3.0,20.1,57.0,1.24,71.0
2678,2,5,2007,71.0,47.0,25.0,41.0,105.0,4.0,20.1,56.0,1.5,57.0
2679,3,5,2007,57.0,71.0,27.0,31.0,90.0,4.0,18.1,65.0,0.76,68.0
2680,4,5,2007,68.0,57.0,53.0,46.0,109.0,13.0,18.2,62.0,0.68,54.0
2681,5,5,2007,54.0,68.0,41.0,34.0,100.0,9.0,19.4,59.0,0.86,50.0
2682,6,5,2007,50.0,54.0,35.0,35.0,98.0,10.0,22.0,49.0,0.86,73.0
2683,7,5,2007,73.0,50.0,56.0,40.0,114.0,33.0,22.1,48.0,1.46,48.0
2684,8,5,2007,48.0,73.0,26.0,28.0,113.0,21.0,24.5,34.0,1.49,67.0
2685,9,5,2007,67.0,48.0,45.0,42.0,108.0,17.0,25.0,34.0,1.17,68.0
2686,10,5,2007,68.0,67.0,40.0,39.0,108.0,11.0,25.8,34.0,1.33,69.0
2687,11,5,2007,69.0,68.0,48.0,45.0,105.0,16.0,23.9,46.0,1.11,57.0
2688,12,5,2007,57.0,69.0,50.0,34.0,98.0,11.0,24.1,46.0,0.92,63.0
2689,13,5,2007,63.0,57.0,57.0,42.0,96.0,11.0,26.2,43.0,1.04,70.0
2690,14,5,2007,70.0,63.0,61.0,39.0,105.0,8.0,25.7,47.0,1.13,56.0
2691,15,5,2007,56.0,70.0,41.0,35.0,96.0,11.0,25.1,39.0,1.15,71.0
2692,16,5,2007,71.0,56.0,46.0,42.0,115.0,12.0,24.8,43.0,1.61,63.0
2693,17,5,2007,63.0,71.0,48.0,38.0,101.0,9.0,24.4,49.0,1.45,60.0
2694,18,5,2007,60.0,63.0,41.0,37.0,107.0,8.0,22.1,50.0,1.42,44.0
2695,19,5,2007,44.0,60.0,20.0,30.0,91.0,4.0,19.1,66.0,1.29,51.0
2696,20,5,2007,51.0,44.0,26.0,33.0,85.0,3.0,18.4,83.0,0.89,72.0
2697,21,5,2007,72.0,51.0,60.0,39.0,103.0,3.0,20.3,73.0,1.2,66.0
2698,22,5,2007,66.0,72.0,62.0,38.0,100.0,3.0,21.7,65.0,1.14,83.0
2699,23,5,2007,83.0,66.0,45.0,44.0,91.0,6.0,21.1,71.0,1.06,65.0
2700,24,5,2007,65.0,83.0,20.0,36.0,92.0,5.0,20.8,73.0,0.94,86.0
2701,25,5,2007,86.0,65.0,35.0,36.0,101.0,6.0,22.9,62.0,0.97,65.0
2702,26,5,2007,65.0,86.0,42.0,36.0,88.0,9.0,24.2,59.0,1.06,58.0
2703,27,5,2007,58.0,65.0,32.0,41.0,82.0,10.0,24.3,60.0,1.42,66.0
2704,28,5,2007,66.0,58.0,36.0,39.0,82.0,8.0,24.8,59.0,1.28,53.0
2705,29,5,2007,53.0,66.0,39.0,29.0,90.0,8.0,24.6,52.0,1.49,46.0
2706,30,5,2007,46.0,53.0,24.0,28.0,97.0,12.0,23.9,32.0,1.44,48.0
2708,1,6,2007,49.0,48.0,23.0,31.0,92.0,12.0,24.3,40.0,1.35,56.0
2709,2,6,2007,56.0,49.0,29.0,35.0,97.0,7.0,23.8,57.0,1.24,52.0
2710,3,6,2007,52.0,56.0,29.0,33.0,93.0,5.0,25.5,49.0,1.27,62.0
2711,4,6,2007,62.0,52.0,42.0,39.0,94.0,5.0,26.2,46.0,1.33,58.0
2712,5,6,2007,58.0,62.0,27.0,37.0,108.0,2.0,21.8,69.0,1.4,56.0
2713,6,6,2007,56.0,58.0,20.0,31.0,106.0,2.0,21.2,71.0,0.93,59.0
2714,7,6,2007,59.0,56.0,24.0,31.0,111.0,4.0,24.6,49.0,1.06,66.0
2715,8,6,2007,66.0,59.0,43.0,42.0,116.0,4.0,24.4,48.0,1.08,65.0
2716,9,6,2007,65.0,66.0,34.0,37.0,97.0,3.0,25.4,43.0,1.23,48.0
2717,10,6,2007,48.0,65.0,30.0,29.0,83.0,5.0,25.3,46.0,1.25,58.0
2718,11,6,2007,58.0,48.0,35.0,32.0,97.0,10.0,25.6,47.0,1.28,67.0
2719,12,6,2007,67.0,58.0,42.0,37.0,102.0,8.0,26.4,47.0,1.28,56.0
2720,13,6,2007,56.0,67.0,28.0,36.0,96.0,7.0,26.5,52.0,1.32,61.0
2721,14,6,2007,61.0,56.0,26.0,34.0,111.0,6.0,26.2,51.0,1.07,63.0
2722,15,6,2007,63.0,61.0,42.0,40.0,115.0,6.0,28.3,47.0,1.03,69.0
2723,16,6,2007,69.0,63.0,51.0,42.0,113.0,7.0,27.8,47.0,1.08,43.0
2724,17,6,2007,43.0,69.0,18.0,22.0,100.0,7.0,30.0,35.0,1.26,60.0
2725,18,6,2007,60.0,43.0,26.0,37.0,107.0,5.0,30.7,38.0,1.07,72.0
2726,19,6,2007,72.0,60.0,44.0,39.0,129.0,6.0,32.6,35.0,1.63,68.0
2727,20,6,2007,68.0,72.0,28.0,40.0,130.0,6.0,33.1,29.0,1.34,75.0
2728,21,6,2007,75.0,68.0,51.0,52.0,113.0,8.0,30.3,50.0,1.32,76.0
2729,22,6,2007,76.0,75.0,63.0,52.0,115.0,10.0,30.3,51.0,1.13,74.0
2730,23,6,2007,74.0,76.0,65.0,55.0,100.0,3.0,30.3,55.0,1.05,80.0
2731,24,6,2007,80.0,74.0,73.0,48.0,87.0,2.0,33.5,46.0,1.08,85.0
2732,25,6,2007,85.0,80.0,86.0,55.0,109.0,3.0,31.5,51.0,1.03,91.0
2733,26,6,2007,91.0,85.0,102.0,56.0,119.0,3.0,33.4,42.0,0.88,88.0
2734,27,6,2007,88.0,91.0,96.0,48.0,138.0,3.0,36.3,21.0,1.65,61.0
2735,28,6,2007,61.0,88.0,43.0,36.0,119.0,6.0,33.1,17.0,1.51,74.0
2736,29,6,2007,74.0,61.0,39.0,55.0,105.0,9.0,29.2,38.0,1.48,61.0
2738,1,7,2007,45.0,61.0,27.0,30.0,79.0,4.0,27.0,52.0,1.45,59.0
2739,2,7,2007,59.0,45.0,39.0,40.0,95.0,5.0,28.2,52.0,1.42,55.0
2740,3,7,2007,55.0,59.0,34.0,37.0,104.0,6.0,28.1,55.0,1.22,59.0
2741,4,7,2007,59.0,55.0,39.0,40.0,104.0,4.0,28.7,56.0,1.53,53.0
2742,5,7,2007,53.0,59.0,51.0,27.0,125.0,5.0,29.9,36.0,2.36,45.0
2743,6,7,2007,45.0,53.0,21.0,24.0,136.0,8.0,27.8,19.0,1.33,58.0
2744,7,7,2007,58.0,45.0,33.0,39.0,98.0,8.0,28.1,30.0,1.2,63.0
2745,8,7,2007,63.0,58.0,33.0,44.0,100.0,7.0,29.3,37.0,1.16,72.0
2746,9,7,2007,72.0,63.0,46.0,44.0,118.0,9.0,29.5,46.0,1.22,78.0
2747,10,7,2007,78.0,72.0,51.0,52.0,115.0,8.0,30.1,47.0,1.59,76.0
2748,11,7,2007,76.0,78.0,53.0,52.0,113.0,15.0,30.5,47.0,2.77,58.0
2749,12,7,2007,58.0,76.0,57.0,25.0,134.0,9.0,27.8,25.0,2.36,45.0
2750,13,7,2007,45.0,58.0,23.0,24.0,138.0,5.0,27.6,21.0,1.83,51.0
2751,14,7,2007,51.0,45.0,23.0,34.0,112.0,16.0,28.6,25.0,1.57,50.0
2752,15,7,2007,50.0,51.0,36.0,36.0,92.0,7.0,28.9,35.0,1.33,67.0
2753,16,7,2007,67.0,50.0,55.0,47.0,115.0,9.0,29.9,37.0,1.19,72.0
2754,17,7,2007,72.0,67.0,63.0,50.0,137.0,6.0,31.7,36.0,1.15,65.0
2755,18,7,2007,65.0,72.0,70.0,45.0,127.0,4.0,31.9,38.0,1.2,64.0
2756,19,7,2007,64.0,65.0,65.0,45.0,135.0,9.0,32.4,33.0,1.25,69.0
2757,20,7,2007,69.0,64.0,71.0,48.0,120.0,5.0,31.6,42.0,1.24,53.0
2758,21,7,2007,53.0,69.0,57.0,38.0,104.0,5.0,30.9,47.0,1.13,55.0
2759,22,7,2007,55.0,53.0,58.0,39.0,94.0,4.0,31.5,47.0,1.1,76.0
2760,23,7,2007,76.0,55.0,76.0,53.0,147.0,8.0,32.5,40.0,0.93,121.0
2761,24,7,2007,121.0,76.0,125.0,76.0,160.0,7.0,34.7,33.0,0.88,130.0
2762,25,7,2007,130.0,121.0,125.0,79.0,159.0,6.0,35.2,28.0,2.07,76.0
2763,26,7,2007,76.0,130.0,72.0,53.0,138.0,7.0,31.0,30.0,1.53,47.0
2764,27,7,2007,47.0,76.0,47.0,34.0,94.0,7.0,30.2,47.0,1.27,52.0
2765,28,7,2007,52.0,47.0,43.0,37.0,91.0,5.0,30.2,49.0,1.28,40.0
2766,29,7,2007,40.0,52.0,38.0,29.0,80.0,5.0,30.6,49.0,1.28,43.0
2767,30,7,2007,43.0,40.0,49.0,32.0,90.0,7.0,29.4,60.0,1.59,53.0
2769,1,8,2007,73.0,53.0,69.0,41.0,110.0,8.0,29.6,39.0,1.86,53.0
2770,2,8,2007,53.0,73.0,27.0,43.0,78.0,6.0,26.1,48.0,1.64,51.0
2771,3,8,2007,51.0,53.0,33.0,36.0,85.0,3.0,27.0,53.0,1.32,51.0
2772,4,8,2007,51.0,51.0,35.0,37.0,83.0,3.0,27.1,56.0,1.74,34.0
2773,5,8,2007,34.0,51.0,16.0,23.0,78.0,5.0,19.2,78.0,1.45,44.0
2774,6,8,2007,44.0,34.0,15.0,22.0,89.0,3.0,21.5,65.0,1.42,43.0
2775,7,8,2007,43.0,44.0,16.0,33.0,114.0,6.0,26.7,47.0,1.2,68.0
2776,8,8,2007,68.0,43.0,35.0,51.0,99.0,6.0,27.8,50.0,0.93,60.0
2777,9,8,2007,60.0,68.0,51.0,39.0,104.0,7.0,28.1,56.0,1.1,54.0
2778,10,8,2007,54.0,60.0,47.0,35.0,89.0,5.0,28.0,64.0,0.6,52.0
2779,11,8,2007,52.0,54.0,45.0,34.0,83.0,5.0,28.0,64.0,1.59,22.0
2780,12,8,2007,22.0,52.0,17.0,14.0,95.0,2.0,28.9,35.0,1.11,26.0
2781,13,8,2007,26.0,22.0,18.0,17.0,109.0,5.0,29.5,34.0,1.24,34.0
2782,14,8,2007,34.0,26.0,21.0,22.0,119.0,7.0,31.0,32.0,1.22,25.0
2783,15,8,2007,25.0,34.0,22.0,16.0,82.0,5.0,30.7,34.0,1.21,35.0
2784,16,8,2007,35.0,25.0,37.0,23.0,77.0,5.0,29.3,46.0,1.28,49.0
2785,17,8,2007,49.0,35.0,44.0,32.0,88.0,4.0,29.3,51.0,1.14,47.0
2786,18,8,2007,47.0,49.0,50.0,31.0,84.0,3.0,29.9,51.0,1.28,49.0
2787,19,8,2007,49.0,47.0,40.0,32.0,70.0,3.0,29.0,61.0,1.31,49.0
2788,20,8,2007,49.0,49.0,45.0,32.0,89.0,3.0,29.7,59.0,1.22,54.0
2789,21,8,2007,54.0,49.0,47.0,41.0,92.0,3.0,29.3,59.0,1.0,67.0
2790,22,8,2007,67.0,54.0,65.0,49.0,111.0,5.0,30.3,55.0,0.88,92.0
2791,23,8,2007,92.0,67.0,85.0,66.0,124.0,6.0,31.7,47.0,1.12,78.0
2792,24,8,2007,78.0,92.0,72.0,57.0,104.0,4.0,32.6,42.0,1.04,59.0
2818,19,9,2007,84.0,66.0,53.0,47.0,111.0,7.0,24.2,58.0,0.82,91.0
2824,25,9,2007,62.0,64.0,51.0,45.0,104.0,17.0,20.9,55.0,1.18,57.0
2825,26,9,2007,57.0,62.0,44.0,42.0,94.0,8.0,22.0,62.0,1.15,74.0
2826,27,9,2007,74.0,57.0,41.0,55.0,99.0,9.0,22.9,69.0,0.81,73.0
2827,28,9,2007,73.0,74.0,54.0,49.0,93.0,8.0,23.2,80.0,0.87,63.0
2828,29,9,2007,63.0,73.0,55.0,37.0,98.0,5.0,23.8,69.0,0.72,69.0
2830,1,10,2007,80.0,69.0,52.0,41.0,101.0,11.0,24.1,62.0,1.28,64.0
2831,2,10,2007,64.0,80.0,50.0,37.0,100.0,12.0,23.0,47.0,0.94,67.0
2832,3,10,2007,67.0,64.0,58.0,42.0,112.0,18.0,21.7,50.0,0.93,94.0
2833,4,10,2007,94.0,67.0,67.0,44.0,114.0,15.0,22.0,47.0,0.84,87.0
2834,5,10,2007,87.0,94.0,77.0,64.0,124.0,16.0,22.5,52.0,0.81,90.0
2835,6,10,2007,90.0,87.0,74.0,66.0,104.0,9.0,22.6,63.0,0.69,85.0
2836,7,10,2007,85.0,90.0,71.0,54.0,108.0,6.0,22.4,65.0,0.78,116.0
2837,8,10,2007,116.0,85.0,68.0,66.0,105.0,8.0,21.7,78.0,0.72,91.0
2838,9,10,2007,91.0,116.0,66.0,56.0,96.0,6.0,22.3,79.0,0.73,92.0
2839,10,10,2007,92.0,91.0,43.0,52.0,98.0,10.0,22.7,66.0,1.3,105.0
2840,11,10,2007,105.0,92.0,39.0,46.0,92.0,4.0,20.9,75.0,1.14,110.0
2841,12,10,2007,110.0,105.0,37.0,44.0,106.0,4.0,20.8,77.0,0.87,55.0
2842,13,10,2007,55.0,110.0,32.0,27.0,92.0,3.0,19.9,61.0,3.05,26.0
2843,14,10,2007,26.0,55.0,18.0,13.0,86.0,6.0,14.1,36.0,1.81,47.0
2844,15,10,2007,47.0,26.0,25.0,31.0,99.0,11.0,13.5,46.0,0.94,75.0
2845,16,10,2007,75.0,47.0,52.0,43.0,108.0,7.0,15.1,56.0,0.64,99.0
2846,17,10,2007,99.0,75.0,89.0,65.0,117.0,12.0,16.5,53.0,0.65,121.0
2847,18,10,2007,121.0,99.0,104.0,76.0,86.0,13.0,17.7,52.0,0.66,131.0
2848,19,10,2007,131.0,121.0,79.0,71.0,82.0,13.0,17.7,59.0,0.81,40.0
2849,20,10,2007,40.0,131.0,16.0,28.0,68.0,6.0,11.7,72.0,1.39,43.0
2850,21,10,2007,43.0,40.0,18.0,28.0,65.0,12.0,11.7,79.0,1.43,46.0
2851,22,10,2007,46.0,43.0,19.0,34.0,61.0,6.0,16.3,78.0,1.67,55.0
2852,23,10,2007,55.0,46.0,31.0,32.0,72.0,17.0,16.4,60.0,0.96,73.0
2853,24,10,2007,73.0,55.0,35.0,37.0,86.0,6.0,17.0,73.0,0.77,64.0
2854,25,10,2007,64.0,73.0,63.0,41.0,70.0,11.0,17.1,75.0,0.86,57.0
2855,26,10,2007,57.0,64.0,51.0,41.0,67.0,14.0,17.9,78.0,0.74,68.0
2856,27,10,2007,68.0,57.0,48.0,41.0,58.0,3.0,18.2,86.0,0.78,57.0
2857,28,10,2007,57.0,68.0,50.0,36.0,56.0,4.0,17.8,81.0,0.7,87.0
2858,29,10,2007,87.0,57.0,54.0,40.0,72.0,9.0,17.1,77.0,1.21,59.0
2859,30,10,2007,59.0,87.0,48.0,40.0,62.0,10.0,16.4,72.0,0.72,91.0
2861,1,11,2007,84.0,91.0,68.0,55.0,63.0,15.0,18.4,86.0,0.55,106.0
2862,2,11,2007,106.0,84.0,35.0,37.0,84.0,3.0,18.2,80.0,1.03,86.0
2863,3,11,2007,86.0,106.0,28.0,41.0,86.0,5.0,14.8,85.0,0.63,58.0
2864,4,11,2007,58.0,86.0,33.0,44.0,76.0,10.0,15.5,86.0,1.49,47.0
2865,5,11,2007,47.0,58.0,20.0,29.0,101.0,7.0,13.8,52.0,1.92,46.0
2866,6,11,2007,46.0,47.0,21.0,27.0,96.0,10.0,12.2,50.0,1.2,68.0
2867,7,11,2007,68.0,46.0,31.0,34.0,112.0,26.0,11.9,53.0,0.96,90.0
2868,8,11,2007,90.0,68.0,60.0,57.0,108.0,39.0,11.2,53.0,0.62,63.0
2869,9,11,2007,63.0,90.0,52.0,44.0,98.0,23.0,13.8,56.0,1.21,61.0
2870,10,11,2007,61.0,63.0,36.0,41.0,95.0,13.0,10.5,62.0,3.27,43.0
2871,11,11,2007,43.0,61.0,36.0,36.0,104.0,24.0,11.1,46.0,0.83,79.0
2872,12,11,2007,79.0,43.0,69.0,53.0,116.0,22.0,12.8,64.0,1.73,53.0
2873,13,11,2007,53.0,79.0,28.0,37.0,110.0,30.0,9.7,42.0,1.06,103.0
2874,14,11,2007,103.0,53.0,62.0,60.0,92.0,30.0,9.1,85.0,0.74,126.0
2875,15,11,2007,126.0,103.0,92.0,73.0,102.0,29.0,12.8,84.0,0.53,113.0
2879,19,11,2007,81.0,56.0,15.0,39.0,98.0,8.0,9.2,65.0,0.75,82.0
2880,20,11,2007,82.0,81.0,21.0,52.0,109.0,17.0,9.7,58.0,0.88,130.0
2881,21,11,2007,130.0,82.0,88.0,80.0,109.0,43.0,10.4,67.0,0.65,139.0
2882,22,11,2007,139.0,130.0,88.0,85.0,103.0,29.0,11.5,79.0,0.62,118.0
2883,23,11,2007,118.0,139.0,104.0,69.0,96.0,26.0,12.8,78.0,0.45,132.0
2884,24,11,2007,132.0,118.0,83.0,66.0,97.0,25.0,13.3,79.0,0.36,83.0
2885,25,11,2007,83.0,132.0,73.0,51.0,83.0,20.0,13.0,80.0,0.39,143.0
2886,26,11,2007,143.0,83.0,115.0,83.0,107.0,33.0,14.6,74.0,1.61,36.0
2887,27,11,2007,36.0,143.0,22.0,23.0,103.0,11.0,10.1,38.0,1.58,50.0
2888,28,11,2007,50.0,36.0,27.0,34.0,118.0,21.0,9.1,31.0,1.56,68.0
2889,29,11,2007,68.0,50.0,48.0,44.0,105.0,31.0,9.0,70.0,1.12,110.0
2891,1,12,2007,55.0,110.0,34.0,29.0,107.0,20.0,12.1,51.0,1.23,68.0
2892,2,12,2007,68.0,55.0,54.0,48.0,104.0,31.0,11.5,65.0,0.48,108.0
2893,3,12,2007,108.0,68.0,76.0,59.0,112.0,34.0,12.0,80.0,0.63,78.0
2894,4,12,2007,78.0,108.0,44.0,39.0,100.0,19.0,11.5,70.0,2.92,41.0
2895,5,12,2007,41.0,78.0,21.0,24.0,88.0,11.0,9.1,48.0,3.46,42.0
2896,6,12,2007,42.0,41.0,19.0,23.0,105.0,15.0,9.3,50.0,1.97,68.0
2897,7,12,2007,68.0,42.0,41.0,41.0,113.0,35.0,10.4,52.0,0.82,116.0
2898,8,12,2007,116.0,68.0,64.0,63.0,101.0,32.0,10.7,75.0,0.57,75.0
2899,9,12,2007,75.0,116.0,40.0,52.0,83.0,12.0,11.4,96.0,0.65,164.0
2900,10,12,2007,164.0,75.0,96.0,83.0,109.0,37.0,11.8,89.0,0.66,173.0
2901,11,12,2007,173.0,164.0,124.0,89.0,111.0,46.0,11.8,79.0,0.47,74.0
2902,12,12,2007,74.0,173.0,50.0,44.0,92.0,25.0,11.2,83.0,0.85,80.0
2903,13,12,2007,80.0,74.0,26.0,38.0,103.0,21.0,10.2,63.0,2.81,39.0
2904,14,12,2007,39.0,80.0,21.0,21.0,107.0,14.0,4.7,42.0,2.13,91.0
2905,15,12,2007,91.0,39.0,19.0,48.0,99.0,17.0,2.3,85.0,1.1,112.0
2906,16,12,2007,112.0,91.0,26.0,54.0,104.0,25.0,4.2,69.0,1.11,103.0
2907,17,12,2007,103.0,112.0,33.0,39.0,109.0,23.0,4.7,79.0,1.32,101.0
2908,18,12,2007,101.0,103.0,48.0,45.0,102.0,33.0,6.4,70.0,1.14,130.0
2909,19,12,2007,130.0,101.0,57.0,75.0,120.0,32.0,4.6,64.0,1.57,116.0
2910,20,12,2007,116.0,130.0,53.0,67.0,119.0,32.0,3.2,59.0,1.59,121.0
2911,21,12,2007,121.0,116.0,90.0,71.0,119.0,45.0,4.7,58.0,0.95,153.0
2912,22,12,2007,153.0,121.0,161.0,78.0,106.0,42.0,5.8,76.0,0.4,203.0
2913,23,12,2007,203.0,153.0,161.0,110.0,112.0,42.0,5.8,78.0,0.43,163.0
2914,24,12,2007,163.0,203.0,147.0,89.0,116.0,49.0,6.3,77.0,0.53,101.0
2915,25,12,2007,101.0,163.0,94.0,61.0,87.0,31.0,7.4,82.0,0.85,88.0
2916,26,12,2007,88.0,101.0,51.0,51.0,83.0,19.0,8.5,81.0,0.89,85.0
2917,27,12,2007,85.0,88.0,54.0,49.0,91.0,25.0,9.3,79.0,1.39,64.0
2918,28,12,2007,64.0,85.0,46.0,42.0,90.0,33.0,9.7,62.0,0.82,60.0
2919,29,12,2007,60.0,64.0,48.0,38.0,93.0,23.0,8.7,57.0,0.94,68.0
2920,30,12,2007,68.0,60.0,76.0,46.0,92.0,26.0,6.5,71.0,0.64,86.0
2922,1,1,2008,50.0,86.0,41.0,35.0,63.0,18.0,6.4,79.0,1.74,62.0
2923,2,1,2008,62.0,50.0,41.0,36.0,57.0,41.0,1.1,52.0,3.01,48.0
2924,3,1,2008,48.0,62.0,40.0,30.0,74.0,28.0,1.2,51.0,1.56,92.0
2925,4,1,2008,92.0,48.0,79.0,54.0,104.0,48.0,3.3,71.0,1.01,55.0
2926,5,1,2008,55.0,92.0,43.0,45.0,84.0,23.0,5.1,89.0,1.25,44.0
2927,6,1,2008,44.0,55.0,30.0,36.0,71.0,13.0,6.2,96.0,0.75,115.0
2928,7,1,2008,115.0,44.0,50.0,70.0,81.0,12.0,8.6,91.0,0.8,123.0
2929,8,1,2008,123.0,115.0,55.0,64.0,91.0,11.0,9.7,79.0,1.19,92.0
2930,9,1,2008,92.0,123.0,72.0,50.0,107.0,22.0,9.2,74.0,1.12,100.0
2931,10,1,2008,100.0,92.0,87.0,53.0,95.0,30.0,8.5,84.0,0.87,103.0
2932,11,1,2008,103.0,100.0,87.0,54.0,100.0,22.0,9.2,79.0,0.95,99.0
2933,12,1,2008,99.0,103.0,82.0,52.0,106.0,32.0,8.8,75.0,0.7,86.0
2934,13,1,2008,86.0,99.0,86.0,50.0,92.0,16.0,8.1,82.0,0.55,82.0
2935,14,1,2008,82.0,86.0,66.0,48.0,98.0,15.0,9.4,95.0,0.51,129.0
2936,15,1,2008,129.0,82.0,72.0,59.0,106.0,23.0,9.9,83.0,0.94,131.0
2937,16,1,2008,131.0,129.0,103.0,64.0,99.0,27.0,9.1,86.0,0.64,123.0
2938,17,1,2008,123.0,131.0,100.0,62.0,91.0,28.0,10.9,88.0,0.6,127.0
2939,18,1,2008,127.0,123.0,108.0,65.0,97.0,35.0,11.7,86.0,0.63,123.0
2940,19,1,2008,123.0,127.0,97.0,62.0,99.0,22.0,10.7,83.0,0.66,104.0
2941,20,1,2008,104.0,123.0,82.0,52.0,95.0,21.0,10.7,80.0,0.55,132.0
2942,21,1,2008,132.0,104.0,123.0,61.0,126.0,43.0,11.6,71.0,0.47,142.0
2943,22,1,2008,142.0,132.0,100.0,67.0,103.0,39.0,10.8,77.0,1.13,65.0
2944,23,1,2008,65.0,142.0,31.0,31.0,98.0,17.0,8.3,65.0,2.32,59.0
2945,24,1,2008,59.0,65.0,29.0,28.0,78.0,26.0,7.4,58.0,0.96,67.0
2946,25,1,2008,67.0,59.0,54.0,35.0,94.0,36.0,7.7,61.0,1.09,56.0
2947,26,1,2008,56.0,67.0,37.0,29.0,89.0,21.0,9.3,46.0,1.17,77.0
2948,27,1,2008,77.0,56.0,58.0,37.0,99.0,29.0,11.2,38.0,1.83,61.0
2949,28,1,2008,61.0,77.0,48.0,27.0,76.0,12.0,10.2,32.0,3.65,32.0
2950,29,1,2008,32.0,61.0,15.0,17.0,82.0,16.0,6.6,32.0,1.39,73.0
2951,30,1,2008,73.0,32.0,46.0,36.0,101.0,31.0,7.5,34.0,1.21,100.0
2953,1,2,2008,145.0,100.0,103.0,69.0,109.0,39.0,10.1,67.0,0.58,111.0
2954,2,2,2008,111.0,145.0,84.0,59.0,93.0,23.0,11.1,76.0,0.59,94.0
2955,3,2,2008,94.0,111.0,73.0,50.0,98.0,14.0,11.9,79.0,0.69,97.0
2956,4,2,2008,97.0,94.0,78.0,50.0,98.0,16.0,12.2,82.0,0.77,81.0
2957,5,2,2008,81.0,97.0,58.0,40.0,102.0,13.0,12.7,81.0,1.67,68.0
2958,6,2,2008,68.0,81.0,36.0,32.0,87.0,12.0,12.5,79.0,0.77,97.0
2959,7,2,2008,97.0,68.0,69.0,51.0,90.0,14.0,11.7,82.0,1.16,51.0
2960,8,2,2008,51.0,97.0,36.0,26.0,94.0,16.0,9.8,63.0,0.97,30.0
2961,9,2,2008,30.0,51.0,21.0,15.0,96.0,6.0,8.0,47.0,1.22,29.0
2962,10,2,2008,29.0,30.0,17.0,17.0,94.0,12.0,6.4,47.0,0.86,38.0
2963,11,2,2008,38.0,29.0,24.0,20.0,94.0,15.0,7.4,54.0,1.16,40.0
2964,12,2,2008,40.0,38.0,27.0,21.0,97.0,13.0,6.9,44.0,1.18,50.0
2965,13,2,2008,50.0,40.0,42.0,28.0,92.0,14.0,6.7,40.0,1.39,61.0
2966,14,2,2008,61.0,50.0,42.0,33.0,104.0,27.0,8.5,29.0,1.36,92.0
2967,15,2,2008,92.0,61.0,64.0,46.0,115.0,29.0,9.9,45.0,0.89,47.0
2968,16,2,2008,47.0,92.0,28.0,26.0,82.0,13.0,3.8,33.0,1.39,29.0
2969,17,2,2008,29.0,47.0,15.0,18.0,84.0,17.0,0.7,23.0,2.42,41.0
2970,18,2,2008,41.0,29.0,24.0,22.0,100.0,25.0,1.4,31.0,1.87,52.0
2971,19,2,2008,52.0,41.0,44.0,25.0,112.0,21.0,10.2,32.0,1.54,88.0
2972,20,2,2008,88.0,52.0,73.0,41.0,111.0,27.0,11.3,59.0,0.83,102.0
2973,21,2,2008,102.0,88.0,88.0,51.0,118.0,29.0,11.5,65.0,0.76,79.0
2974,22,2,2008,79.0,102.0,83.0,44.0,111.0,25.0,13.0,59.0,0.63,60.0
2975,23,2,2008,60.0,79.0,69.0,52.0,110.0,21.0,13.1,65.0,1.0,45.0
2976,24,2,2008,45.0,60.0,47.0,38.0,92.0,17.0,13.7,46.0,0.99,78.0
2977,25,2,2008,78.0,45.0,66.0,53.0,98.0,12.0,9.3,72.0,0.66,118.0
2984,3,3,2008,74.0,31.0,70.0,61.0,110.0,11.0,17.2,49.0,0.79,88.0
2986,5,3,2008,95.0,88.0,60.0,74.0,110.0,12.0,16.6,69.0,1.14,72.0
2987,6,3,2008,72.0,95.0,54.0,58.0,84.0,14.0,15.6,74.0,1.42,47.0
2988,7,3,2008,47.0,72.0,28.0,37.0,94.0,10.0,13.3,73.0,1.45,67.0
2989,8,3,2008,67.0,47.0,45.0,49.0,105.0,12.0,13.0,70.0,0.87,51.0
2990,9,3,2008,51.0,67.0,30.0,41.0,106.0,11.0,14.2,59.0,0.85,50.0
2991,10,3,2008,50.0,51.0,27.0,42.0,93.0,15.0,13.4,66.0,0.87,71.0
2992,11,3,2008,71.0,50.0,40.0,52.0,112.0,9.0,15.1,57.0,1.3,59.0
2993,12,3,2008,59.0,71.0,29.0,41.0,112.0,9.0,16.2,59.0,1.12,59.0
2994,13,3,2008,59.0,59.0,46.0,30.0,113.0,12.0,14.9,52.0,2.16,34.0
2995,14,3,2008,34.0,59.0,16.0,22.0,111.0,10.0,14.8,35.0,1.22,69.0
2996,15,3,2008,69.0,34.0,39.0,42.0,123.0,17.0,14.6,52.0,0.91,59.0
2997,16,3,2008,59.0,69.0,43.0,42.0,97.0,14.0,14.1,78.0,0.96,75.0
2998,17,3,2008,75.0,59.0,48.0,41.0,96.0,12.0,14.8,81.0,0.82,57.0
2999,18,3,2008,57.0,75.0,50.0,28.0,87.0,15.0,16.6,62.0,1.18,61.0
3000,19,3,2008,61.0,57.0,40.0,32.0,101.0,17.0,13.5,55.0,1.32,33.0
3001,20,3,2008,33.0,61.0,18.0,27.0,78.0,11.0,9.6,84.0,0.99,71.0
3002,21,3,2008,71.0,33.0,35.0,37.0,98.0,12.0,13.0,73.0,1.33,47.0
3003,22,3,2008,47.0,71.0,34.0,24.0,101.0,10.0,15.8,48.0,1.26,58.0
3004,23,3,2008,58.0,47.0,31.0,39.0,99.0,14.0,16.6,59.0,1.65,98.0
3005,24,3,2008,98.0,58.0,77.0,43.0,92.0,8.0,17.0,55.0,1.96,25.0
3006,25,3,2008,25.0,98.0,12.0,14.0,92.0,11.0,13.0,38.0,1.18,40.0
3007,26,3,2008,40.0,25.0,19.0,25.0,110.0,15.0,13.2,36.0,1.5,60.0
3008,27,3,2008,60.0,40.0,36.0,38.0,116.0,13.0,12.6,61.0,1.22,49.0
3009,28,3,2008,49.0,60.0,30.0,31.0,103.0,16.0,14.0,55.0,1.22,48.0
3010,29,3,2008,48.0,49.0,31.0,33.0,103.0,18.0,15.0,50.0,1.19,50.0
3011,30,3,2008,50.0,48.0,34.0,31.0,92.0,15.0,15.2,52.0,1.1,52.0
3013,1,4,2008,43.0,52.0,40.0,27.0,108.0,18.0,14.7,61.0,1.48,60.0
3014,2,4,2008,60.0,43.0,46.0,35.0,105.0,7.0,15.1,66.0,1.31,49.0
3015,3,4,2008,49.0,60.0,38.0,33.0,94.0,10.0,14.2,71.0,0.98,45.0
3016,4,4,2008,45.0,49.0,20.0,31.0,113.0,10.0,11.5,87.0,1.22,39.0
3017,5,4,2008,39.0,45.0,31.0,24.0,94.0,10.0,12.5,83.0,1.25,41.0
3018,6,4,2008,41.0,39.0,20.0,25.0,96.0,9.0,13.1,69.0,0.99,53.0
3019,7,4,2008,53.0,41.0,43.0,35.0,106.0,15.0,17.2,47.0,0.71,70.0
3020,8,4,2008,70.0,53.0,59.0,49.0,123.0,20.0,17.5,62.0,1.17,56.0
3021,9,4,2008,56.0,70.0,40.0,40.0,100.0,10.0,17.2,73.0,0.97,59.0
3022,10,4,2008,59.0,56.0,49.0,37.0,107.0,10.0,16.6,79.0,0.69,72.0
3023,11,4,2008,72.0,59.0,64.0,44.0,100.0,10.0,16.5,88.0,0.95,76.0
3024,12,4,2008,76.0,72.0,57.0,44.0,85.0,5.0,16.4,91.0,0.91,90.0
3025,13,4,2008,90.0,76.0,87.0,52.0,85.0,7.0,19.0,80.0,0.77,96.0
3026,14,4,2008,96.0,90.0,85.0,55.0,90.0,9.0,18.9,80.0,1.35,44.0
3027,15,4,2008,44.0,96.0,16.0,23.0,107.0,9.0,16.8,61.0,1.56,39.0
3028,16,4,2008,39.0,44.0,29.0,22.0,122.0,8.0,17.4,40.0,0.92,52.0
3029,17,4,2008,52.0,39.0,37.0,30.0,118.0,15.0,16.1,46.0,1.02,58.0
3030,18,4,2008,58.0,52.0,30.0,43.0,110.0,8.0,17.0,66.0,0.98,53.0
3031,19,4,2008,53.0,58.0,39.0,36.0,95.0,13.0,17.3,79.0,0.96,55.0
3032,20,4,2008,55.0,53.0,54.0,40.0,88.0,20.0,19.0,80.0,0.9,83.0
3033,21,4,2008,83.0,55.0,83.0,46.0,105.0,19.0,20.1,75.0,1.27,84.0
3034,22,4,2008,84.0,83.0,75.0,43.0,101.0,14.0,21.3,62.0,1.19,47.0
3035,23,4,2008,47.0,84.0,34.0,33.0,97.0,7.0,21.0,43.0,1.6,40.0
3036,24,4,2008,40.0,47.0,21.0,27.0,114.0,4.0,20.3,44.0,1.17,34.0
3037,25,4,2008,34.0,40.0,12.0,26.0,82.0,5.0,15.4,76.0,0.97,32.0
3038,26,4,2008,32.0,34.0,18.0,20.0,78.0,9.0,15.5,63.0,0.98,30.0
3039,27,4,2008,30.0,32.0,19.0,23.0,77.0,5.0,14.4,66.0,0.92,36.0
3040,28,4,2008,36.0,30.0,27.0,25.0,77.0,8.0,16.3,63.0,1.06,51.0
3041,29,4,2008,51.0,36.0,42.0,37.0,108.0,11.0,18.4,52.0,1.18,42.0
3043,1,5,2008,42.0,42.0,29.0,35.0,67.0,12.0,18.9,61.0,1.31,55.0
3044,2,5,2008,55.0,42.0,45.0,31.0,132.0,9.0,22.5,48.0,2.04,28.0
3045,3,5,2008,28.0,55.0,20.0,16.0,117.0,3.0,22.0,32.0,1.86,32.0
3046,4,5,2008,32.0,28.0,21.0,25.0,115.0,5.0,20.3,39.0,1.6,38.0
3047,5,5,2008,38.0,32.0,34.0,27.0,100.0,12.0,18.5,63.0,1.13,36.0
3048,6,5,2008,36.0,38.0,27.0,24.0,100.0,8.0,15.5,76.0,0.95,75.0
3049,7,5,2008,75.0,36.0,27.0,40.0,125.0,8.0,14.4,69.0,0.92,59.0
3050,8,5,2008,59.0,75.0,46.0,39.0,92.0,12.0,17.6,63.0,1.36,65.0
3051,9,5,2008,65.0,59.0,51.0,38.0,139.0,16.0,20.7,44.0,1.46,49.0
3052,10,5,2008,49.0,65.0,31.0,37.0,90.0,6.0,18.9,61.0,1.4,29.0
3053,11,5,2008,29.0,49.0,21.0,20.0,78.0,10.0,17.8,60.0,1.44,34.0
3054,12,5,2008,34.0,29.0,30.0,25.0,80.0,10.0,18.1,65.0,1.14,40.0
3055,13,5,2008,40.0,34.0,35.0,27.0,92.0,8.0,19.0,62.0,1.17,43.0
3056,14,5,2008,43.0,40.0,34.0,32.0,116.0,6.0,19.2,60.0,1.19,51.0
3057,15,5,2008,51.0,43.0,34.0,35.0,104.0,10.0,20.3,55.0,1.1,44.0
3058,16,5,2008,44.0,51.0,33.0,32.0,110.0,12.0,21.0,54.0,1.0,47.0
3059,17,5,2008,47.0,44.0,33.0,35.0,101.0,17.0,21.6,55.0,0.94,46.0
3060,18,5,2008,46.0,47.0,28.0,39.0,100.0,9.0,22.2,60.0,0.94,69.0
3061,19,5,2008,69.0,46.0,46.0,49.0,121.0,15.0,22.2,64.0,1.08,59.0
3062,20,5,2008,59.0,69.0,46.0,44.0,109.0,12.0,22.5,71.0,0.96,95.0
3063,21,5,2008,95.0,59.0,71.0,53.0,109.0,7.0,23.2,74.0,1.53,77.0
3064,22,5,2008,77.0,95.0,62.0,42.0,126.0,6.0,22.7,55.0,1.19,54.0
3065,23,5,2008,54.0,77.0,31.0,39.0,128.0,6.0,24.0,46.0,1.22,40.0
3066,24,5,2008,40.0,54.0,24.0,30.0,98.0,8.0,23.9,53.0,1.09,42.0
3067,25,5,2008,42.0,40.0,18.0,28.0,90.0,6.0,24.5,54.0,1.23,66.0
3068,26,5,2008,66.0,42.0,34.0,44.0,137.0,9.0,28.3,44.0,1.21,54.0
3081,8,6,2008,39.0,40.0,15.0,25.0,83.0,3.0,22.2,64.0,1.16,61.0
3082,9,6,2008,61.0,39.0,17.0,34.0,122.0,4.0,21.6,68.0,0.91,26.0
3083,10,6,2008,26.0,61.0,27.0,24.0,112.0,5.0,24.7,51.0,1.11,57.0
3084,11,6,2008,57.0,26.0,54.0,46.0,122.0,11.0,25.8,48.0,1.23,68.0
3085,12,6,2008,68.0,57.0,50.0,45.0,116.0,5.0,26.3,51.0,1.36,86.0
3086,13,6,2008,86.0,68.0,59.0,55.0,125.0,4.0,25.1,54.0,1.09,57.0
3087,14,6,2008,57.0,86.0,40.0,38.0,103.0,4.0,26.2,52.0,1.4,33.0
3088,15,6,2008,33.0,57.0,23.0,22.0,110.0,4.0,27.0,42.0,1.4,46.0
3089,16,6,2008,46.0,33.0,19.0,41.0,72.0,6.0,25.7,59.0,1.27,50.0
3090,17,6,2008,50.0,46.0,32.0,39.0,104.0,3.0,26.2,62.0,1.14,57.0
3091,18,6,2008,57.0,50.0,40.0,44.0,109.0,2.0,27.8,60.0,1.23,61.0
3092,19,6,2008,61.0,57.0,50.0,31.0,122.0,4.0,31.3,40.0,2.0,57.0
3093,20,6,2008,57.0,61.0,41.0,39.0,102.0,3.0,29.6,41.0,1.29,52.0
3094,21,6,2008,52.0,57.0,32.0,42.0,85.0,5.0,29.5,45.0,1.16,57.0
3095,22,6,2008,57.0,52.0,38.0,45.0,86.0,4.0,29.6,51.0,1.3,60.0
3096,23,6,2008,60.0,57.0,42.0,46.0,100.0,5.0,30.1,50.0,1.33,65.0
3097,24,6,2008,65.0,60.0,50.0,46.0,106.0,5.0,30.5,50.0,1.29,78.0
3098,25,6,2008,78.0,65.0,58.0,56.0,110.0,5.0,32.0,45.0,1.57,69.0
3099,26,6,2008,69.0,78.0,51.0,53.0,104.0,4.0,31.3,47.0,1.21,76.0
3100,27,6,2008,76.0,69.0,56.0,55.0,125.0,6.0,30.9,48.0,1.55,58.0
3101,28,6,2008,58.0,76.0,40.0,46.0,103.0,6.0,31.5,42.0,1.39,45.0
3102,29,6,2008,45.0,58.0,29.0,36.0,84.0,5.0,30.5,45.0,1.26,60.0
3104,1,7,2008,55.0,60.0,37.0,41.0,101.0,4.0,29.9,51.0,1.44,70.0
3105,2,7,2008,70.0,55.0,52.0,56.0,101.0,4.0,30.4,49.0,1.52,57.0
3106,3,7,2008,57.0,70.0,47.0,44.0,96.0,3.0,29.3,57.0,1.46,58.0
3107,4,7,2008,58.0,57.0,45.0,39.0,97.0,3.0,28.0,57.0,1.53,54.0
3108,5,7,2008,54.0,58.0,27.0,45.0,99.0,5.0,29.6,46.0,1.75,34.0
3109,6,7,2008,34.0,54.0,27.0,23.0,98.0,4.0,30.3,37.0,1.47,56.0
3110,7,7,2008,56.0,34.0,35.0,45.0,108.0,6.0,29.2,51.0,1.31,62.0
3111,8,7,2008,62.0,56.0,46.0,50.0,122.0,6.0,29.5,49.0,2.0,77.0
3112,9,7,2008,77.0,62.0,64.0,32.0,130.0,4.0,30.6,38.0,2.37,55.0
3113,10,7,2008,55.0,77.0,40.0,44.0,105.0,8.0,28.8,37.0,1.51,53.0
3114,11,7,2008,53.0,55.0,43.0,37.0,92.0,8.0,28.7,48.0,1.51,41.0
3115,12,7,2008,41.0,53.0,30.0,30.0,81.0,3.0,28.3,51.0,1.3,35.0
3116,13,7,2008,35.0,41.0,24.0,28.0,86.0,7.0,28.8,45.0,1.51,56.0
3117,14,7,2008,56.0,35.0,36.0,47.0,102.0,10.0,28.8,52.0,1.18,85.0
3118,15,7,2008,85.0,56.0,65.0,49.0,103.0,5.0,29.4,48.0,3.83,54.0
3119,16,7,2008,54.0,85.0,46.0,26.0,103.0,3.0,25.8,35.0,2.27,56.0
3120,17,7,2008,56.0,54.0,41.0,39.0,105.0,4.0,27.6,37.0,1.41,66.0
3121,18,7,2008,66.0,56.0,47.0,56.0,112.0,9.0,28.3,46.0,1.26,51.0
3122,19,7,2008,51.0,66.0,37.0,43.0,95.0,9.0,29.3,48.0,1.1,60.0
3123,20,7,2008,60.0,51.0,37.0,51.0,84.0,7.0,30.2,46.0,1.14,73.0
3124,21,7,2008,73.0,60.0,55.0,53.0,109.0,7.0,30.4,52.0,1.19,77.0
3125,22,7,2008,77.0,73.0,53.0,58.0,100.0,6.0,29.1,56.0,2.0,45.0
3126,23,7,2008,45.0,77.0,39.0,22.0,107.0,6.0,25.5,42.0,1.69,35.0
3127,24,7,2008,35.0,45.0,28.0,24.0,107.0,8.0,24.9,39.0,1.31,40.0
3128,25,7,2008,40.0,35.0,30.0,30.0,95.0,9.0,25.6,43.0,1.24,39.0
3129,26,7,2008,39.0,40.0,30.0,27.0,107.0,6.0,27.5,44.0,2.02,67.0
3130,27,7,2008,67.0,39.0,47.0,44.0,93.0,3.0,27.6,50.0,1.25,67.0
3131,28,7,2008,67.0,67.0,52.0,44.0,110.0,6.0,27.3,56.0,1.22,48.0
3132,29,7,2008,48.0,67.0,37.0,36.0,110.0,5.0,28.5,48.0,1.4,58.0
3133,30,7,2008,58.0,48.0,43.0,43.0,112.0,6.0,29.2,48.0,1.24,57.0
3135,1,8,2008,45.0,57.0,39.0,31.0,98.0,5.0,29.1,44.0,1.3,41.0
3136,2,8,2008,41.0,45.0,30.0,31.0,83.0,6.0,28.9,43.0,1.46,51.0
3137,3,8,2008,51.0,41.0,39.0,38.0,84.0,8.0,27.9,49.0,0.9,67.0
3138,4,8,2008,67.0,51.0,54.0,39.0,107.0,12.0,28.9,47.0,0.64,90.0
3139,5,8,2008,90.0,67.0,73.0,62.0,129.0,12.0,29.8,45.0,0.57,76.0
3140,6,8,2008,76.0,90.0,62.0,45.0,123.0,10.0,32.1,41.0,0.85,68.0
3141,7,8,2008,68.0,76.0,54.0,47.0,92.0,6.0,30.0,51.0,1.08,63.0
3142,8,8,2008,63.0,68.0,51.0,42.0,88.0,6.0,28.6,55.0,1.18,46.0
3143,9,8,2008,46.0,63.0,38.0,30.0,73.0,4.0,28.3,62.0,1.7,35.0
3144,10,8,2008,35.0,46.0,27.0,21.0,82.0,4.0,27.8,50.0,1.56,36.0
3145,11,8,2008,36.0,35.0,26.0,25.0,95.0,6.0,27.4,44.0,1.17,48.0
3146,12,8,2008,48.0,36.0,38.0,37.0,94.0,7.0,28.6,48.0,1.04,58.0
3147,13,8,2008,58.0,48.0,43.0,47.0,100.0,7.0,29.7,51.0,1.0,65.0
3148,14,8,2008,65.0,58.0,52.0,48.0,107.0,8.0,30.8,47.0,0.91,59.0
3150,16,8,2008,62.0,59.0,44.0,49.0,96.0,7.0,30.8,45.0,1.39,54.0
3152,18,8,2008,60.0,54.0,51.0,29.0,126.0,6.0,32.0,32.0,1.37,58.0
3153,19,8,2008,58.0,60.0,46.0,44.0,114.0,8.0,30.2,37.0,1.09,62.0
3154,20,8,2008,62.0,58.0,48.0,47.0,101.0,6.0,29.7,52.0,1.05,64.0
3155,21,8,2008,64.0,62.0,50.0,45.0,98.0,4.0,29.7,53.0,1.01,73.0
3156,22,8,2008,73.0,64.0,60.0,44.0,118.0,7.0,31.4,45.0,1.3,72.0
3157,23,8,2008,72.0,73.0,58.0,50.0,104.0,5.0,31.1,45.0,1.08,70.0
3158,24,8,2008,70.0,72.0,49.0,49.0,102.0,7.0,31.2,44.0,1.62,76.0
3159,25,8,2008,76.0,70.0,61.0,51.0,109.0,8.0,29.0,47.0,1.26,70.0
3160,26,8,2008,70.0,76.0,56.0,46.0,98.0,4.0,29.2,60.0,1.3,44.0
3161,27,8,2008,44.0,70.0,37.0,26.0,99.0,4.0,29.5,48.0,0.95,46.0
3162,28,8,2008,46.0,44.0,39.0,30.0,92.0,4.0,28.8,43.0,1.13,62.0
3163,29,8,2008,62.0,46.0,46.0,45.0,90.0,5.0,27.5,55.0,1.59,56.0
3164,30,8,2008,56.0,62.0,48.0,24.0,106.0,4.0,28.7,39.0,2.35,41.0
3166,1,9,2008,53.0,41.0,43.0,31.0,88.0,15.0,25.7,55.0,1.23,43.0
3167,2,9,2008,43.0,53.0,32.0,30.0,84.0,6.0,25.8,53.0,1.23,64.0
3168,3,9,2008,64.0,43.0,49.0,48.0,83.0,6.0,25.9,60.0,1.13,57.0
3169,4,9,2008,57.0,64.0,45.0,42.0,80.0,5.0,26.5,66.0,0.93,72.0
3170,5,9,2008,72.0,57.0,55.0,51.0,103.0,3.0,27.4,61.0,0.86,70.0
3171,6,9,2008,70.0,72.0,56.0,51.0,82.0,3.0,28.1,58.0,0.88,74.0
3172,7,9,2008,74.0,70.0,50.0,57.0,81.0,4.0,28.1,62.0,0.97,71.0
3173,8,9,2008,71.0,74.0,59.0,43.0,108.0,4.0,28.3,58.0,0.94,96.0
3174,9,9,2008,96.0,71.0,75.0,67.0,127.0,6.0,29.5,48.0,1.19,72.0
3175,10,9,2008,72.0,96.0,58.0,44.0,101.0,5.0,28.2,48.0,1.2,63.0
3176,11,9,2008,63.0,72.0,52.0,39.0,91.0,4.0,26.7,58.0,1.08,79.0
3177,12,9,2008,79.0,63.0,62.0,53.0,107.0,6.0,27.1,58.0,0.74,75.0
3178,13,9,2008,75.0,79.0,56.0,54.0,92.0,3.0,27.4,66.0,0.72,78.0
3179,14,9,2008,78.0,75.0,57.0,52.0,90.0,4.0,27.4,65.0,0.74,69.0
3180,15,9,2008,69.0,78.0,55.0,41.0,85.0,4.0,24.5,70.0,1.27,78.0
3181,16,9,2008,78.0,69.0,65.0,45.0,84.0,4.0,23.4,70.0,1.06,58.0
3182,17,9,2008,58.0,78.0,49.0,23.0,100.0,10.0,21.6,55.0,3.11,38.0
3183,18,9,2008,38.0,58.0,33.0,19.0,95.0,3.0,17.7,44.0,2.55,41.0
3184,19,9,2008,41.0,38.0,35.0,24.0,115.0,6.0,17.9,39.0,1.58,45.0
3185,20,9,2008,45.0,41.0,35.0,33.0,104.0,11.0,16.2,49.0,1.31,26.0
3186,21,9,2008,26.0,45.0,20.0,19.0,91.0,6.0,17.3,46.0,1.26,46.0
3187,22,9,2008,46.0,26.0,33.0,35.0,100.0,11.0,18.2,49.0,0.96,53.0
3188,23,9,2008,53.0,46.0,41.0,32.0,110.0,8.0,19.6,52.0,1.38,55.0
3189,24,9,2008,55.0,53.0,37.0,48.0,106.0,7.0,19.2,61.0,1.16,53.0
3190,25,9,2008,53.0,55.0,39.0,37.0,99.0,3.0,17.3,82.0,1.05,104.0
3191,26,9,2008,104.0,53.0,85.0,51.0,112.0,4.0,19.8,66.0,1.12,67.0
3192,27,9,2008,67.0,104.0,54.0,36.0,83.0,4.0,16.7,76.0,0.56,36.0
3193,28,9,2008,36.0,67.0,28.0,26.0,83.0,4.0,15.8,82.0,0.87,73.0
3194,29,9,2008,73.0,36.0,61.0,41.0,103.0,8.0,16.3,71.0,0.62,85.0
3196,1,10,2008,76.0,85.0,62.0,45.0,98.0,5.0,19.5,66.0,0.76,78.0
3197,2,10,2008,78.0,76.0,66.0,48.0,103.0,3.0,18.5,80.0,0.58,84.0
3198,3,10,2008,84.0,78.0,70.0,48.0,83.0,3.0,19.8,83.0,0.61,66.0
3199,4,10,2008,66.0,84.0,54.0,35.0,90.0,3.0,21.2,73.0,1.56,36.0
3200,5,10,2008,36.0,66.0,31.0,17.0,83.0,3.0,18.1,53.0,1.27,70.0
3201,6,10,2008,70.0,36.0,58.0,37.0,123.0,8.0,18.3,42.0,1.12,75.0
3202,7,10,2008,75.0,70.0,32.0,43.0,120.0,7.0,21.1,46.0,0.79,78.0
3203,8,10,2008,78.0,75.0,51.0,49.0,106.0,7.0,20.3,59.0,0.87,57.0
3204,9,10,2008,57.0,78.0,45.0,36.0,86.0,4.0,20.0,69.0,0.97,58.0
3205,10,10,2008,58.0,57.0,48.0,36.0,87.0,11.0,20.0,67.0,1.01,69.0
3206,11,10,2008,69.0,58.0,44.0,39.0,106.0,7.0,21.1,53.0,1.04,48.0
3207,12,10,2008,48.0,69.0,40.0,35.0,97.0,7.0,20.4,56.0,0.93,59.0
3208,13,10,2008,59.0,48.0,55.0,39.0,99.0,14.0,19.1,59.0,0.89,66.0
3209,14,10,2008,66.0,59.0,74.0,44.0,125.0,22.0,19.2,63.0,0.62,87.0
3210,15,10,2008,87.0,66.0,75.0,58.0,135.0,10.0,20.6,58.0,0.74,99.0
3211,16,10,2008,99.0,87.0,97.0,64.0,116.0,5.0,20.2,67.0,1.03,91.0
3212,17,10,2008,91.0,99.0,84.0,59.0,107.0,4.0,20.0,75.0,0.93,75.0
3213,18,10,2008,75.0,91.0,61.0,51.0,99.0,2.0,20.6,71.0,1.65,52.0
3214,19,10,2008,52.0,75.0,42.0,30.0,66.0,2.0,19.2,69.0,0.63,69.0
3215,20,10,2008,69.0,52.0,77.0,44.0,76.0,6.0,19.6,72.0,0.73,69.0
3216,21,10,2008,69.0,69.0,68.0,41.0,66.0,6.0,19.5,74.0,1.05,51.0
3217,22,10,2008,51.0,69.0,42.0,28.0,79.0,7.0,19.7,68.0,0.87,60.0
3218,23,10,2008,60.0,51.0,54.0,35.0,92.0,17.0,19.0,62.0,0.89,74.0
3219,24,10,2008,74.0,60.0,65.0,42.0,89.0,9.0,18.4,67.0,1.06,48.0
3220,25,10,2008,48.0,74.0,34.0,32.0,80.0,14.0,18.1,62.0,0.89,43.0
3221,26,10,2008,43.0,48.0,34.0,31.0,61.0,12.0,17.5,67.0,0.79,41.0
3222,27,10,2008,41.0,43.0,38.0,27.0,71.0,8.0,17.2,62.0,0.76,44.0
3223,28,10,2008,44.0,41.0,37.0,31.0,68.0,7.0,17.5,69.0,0.84,46.0
3224,29,10,2008,46.0,44.0,47.0,32.0,82.0,5.0,18.5,65.0,0.86,67.0
3225,30,10,2008,67.0,46.0,64.0,49.0,93.0,9.0,19.2,72.0,0.64,80.0
3227,1,11,2008,73.0,80.0,70.0,48.0,76.0,5.0,19.9,82.0,0.68,75.0
3228,2,11,2008,75.0,73.0,75.0,49.0,77.0,5.0,20.1,80.0,0.66,85.0
3229,3,11,2008,85.0,75.0,88.0,45.0,85.0,16.0,20.6,67.0,0.63,85.0
3230,4,11,2008,85.0,85.0,85.0,59.0,89.0,6.0,19.5,77.0,0.75,99.0
3231,5,11,2008,99.0,85.0,94.0,54.0,89.0,7.0,19.3,77.0,0.58,93.0
3235,9,11,2008,39.0,45.0,30.0,23.0,98.0,16.0,16.5,56.0,1.01,60.0
3245,19,11,2008,58.0,39.0,19.0,30.0,109.0,8.0,10.3,83.0,1.25,63.0
3246,20,11,2008,63.0,58.0,44.0,37.0,101.0,9.0,12.2,57.0,1.12,110.0
3247,21,11,2008,110.0,63.0,75.0,47.0,109.0,25.0,14.9,61.0,1.06,33.0
3248,22,11,2008,33.0,110.0,14.0,13.0,75.0,2.0,12.8,58.0,2.42,34.0
3249,23,11,2008,34.0,33.0,16.0,22.0,97.0,7.0,7.1,45.0,0.54,72.0
3250,24,11,2008,72.0,34.0,30.0,35.0,89.0,7.0,7.3,78.0,0.98,132.0
3251,25,11,2008,132.0,72.0,89.0,63.0,84.0,22.0,10.4,85.0,0.49,102.0
3252,26,11,2008,102.0,132.0,67.0,46.0,111.0,12.0,12.9,80.0,1.44,58.0
3253,27,11,2008,58.0,102.0,22.0,27.0,120.0,9.0,9.1,53.0,1.17,98.0
3254,28,11,2008,98.0,58.0,78.0,47.0,106.0,24.0,9.4,70.0,1.39,83.0
3255,29,11,2008,83.0,98.0,42.0,41.0,100.0,10.0,11.3,77.0,1.08,91.0
3257,1,12,2008,97.0,91.0,83.0,53.0,101.0,20.0,13.6,81.0,0.63,83.0
3258,2,12,2008,83.0,97.0,93.0,50.0,83.0,24.0,14.4,86.0,0.72,57.0
3260,4,12,2008,49.0,57.0,44.0,27.0,78.0,10.0,19.8,63.0,1.05,53.0
3261,5,12,2008,53.0,49.0,45.0,27.0,101.0,6.0,18.2,50.0,0.97,59.0
3262,6,12,2008,59.0,53.0,46.0,34.0,90.0,2.0,16.3,61.0,1.36,46.0
3263,7,12,2008,46.0,59.0,33.0,28.0,68.0,5.0,13.5,66.0,2.94,45.0
3264,8,12,2008,45.0,46.0,38.0,24.0,54.0,2.0,10.0,46.0,1.92,49.0
3265,9,12,2008,49.0,45.0,46.0,24.0,71.0,5.0,8.1,44.0,0.78,119.0
3266,10,12,2008,119.0,49.0,63.0,61.0,90.0,20.0,7.8,58.0,0.64,84.0
3267,11,12,2008,84.0,119.0,73.0,52.0,84.0,22.0,8.6,78.0,4.2,25.0
3268,12,12,2008,25.0,84.0,19.0,17.0,70.0,7.0,11.5,75.0,0.71,55.0
3269,13,12,2008,55.0,25.0,46.0,39.0,85.0,3.0,11.8,89.0,1.08,80.0
3270,14,12,2008,80.0,55.0,58.0,42.0,83.0,4.0,12.2,87.0,2.75,47.0
3271,15,12,2008,47.0,80.0,27.0,25.0,100.0,1.0,13.6,78.0,1.92,60.0
3272,16,12,2008,60.0,47.0,46.0,33.0,77.0,3.0,13.6,76.0,1.2,79.0
3273,17,12,2008,79.0,60.0,51.0,43.0,91.0,7.0,13.8,81.0,1.76,74.0
3274,18,12,2008,74.0,79.0,53.0,37.0,90.0,4.0,14.6,77.0,0.78,84.0
3275,19,12,2008,84.0,74.0,75.0,42.0,110.0,10.0,13.9,77.0,2.22,44.0
3276,20,12,2008,44.0,84.0,37.0,19.0,91.0,4.0,11.5,59.0,2.66,21.0
3277,21,12,2008,21.0,44.0,22.0,12.0,86.0,2.0,8.7,55.0,2.45,38.0
3278,22,12,2008,38.0,21.0,30.0,21.0,99.0,10.0,8.9,51.0,2.96,35.0
3279,23,12,2008,35.0,38.0,33.0,19.0,106.0,6.0,9.5,47.0,2.81,30.0
3280,24,12,2008,30.0,35.0,28.0,18.0,111.0,8.0,6.8,41.0,0.98,30.0
3281,25,12,2008,30.0,30.0,30.0,19.0,95.0,17.0,5.4,40.0,1.22,32.0
3282,26,12,2008,32.0,30.0,31.0,23.0,82.0,14.0,4.8,60.0,1.46,33.0
3283,27,12,2008,33.0,32.0,27.0,22.0,94.0,10.0,3.8,73.0,1.09,52.0
3284,28,12,2008,52.0,33.0,43.0,30.0,92.0,20.0,4.9,62.0,1.09,52.0
3285,29,12,2008,52.0,52.0,38.0,34.0,114.0,22.0,5.0,57.0,1.06,50.0
3286,30,12,2008,50.0,52.0,44.0,30.0,113.0,20.0,3.2,52.0,0.75,80.0
3288,1,1,2009,81.0,80.0,103.0,46.0,105.0,17.0,4.2,62.0,0.76,75.0
3289,2,1,2009,75.0,81.0,60.0,45.0,130.0,21.0,6.7,63.0,1.44,51.0
3290,3,1,2009,51.0,75.0,35.0,30.0,122.0,11.0,5.2,81.0,1.25,31.0
3291,4,1,2009,31.0,51.0,20.0,18.0,91.0,10.0,4.8,80.0,1.39,67.0
3292,5,1,2009,67.0,31.0,42.0,35.0,107.0,22.0,4.9,69.0,0.91,56.0
3293,6,1,2009,56.0,67.0,41.0,34.0,103.0,18.0,6.6,67.0,0.66,90.0
3294,7,1,2009,90.0,56.0,75.0,53.0,104.0,17.0,7.4,78.0,0.72,90.0
3295,8,1,2009,90.0,90.0,71.0,48.0,113.0,21.0,7.3,81.0,1.53,59.0
3296,9,1,2009,59.0,90.0,40.0,31.0,106.0,11.0,5.6,72.0,0.92,67.0
3297,10,1,2009,67.0,59.0,48.0,35.0,110.0,12.0,6.4,67.0,1.1,62.0
3298,11,1,2009,62.0,67.0,52.0,37.0,98.0,18.0,6.3,69.0,1.64,76.0
3299,12,1,2009,76.0,62.0,63.0,42.0,111.0,19.0,6.9,65.0,0.79,100.0
3300,13,1,2009,100.0,76.0,99.0,57.0,111.0,29.0,5.6,75.0,0.6,45.0
3301,14,1,2009,45.0,100.0,40.0,30.0,82.0,10.0,6.9,94.0,0.52,102.0
3302,15,1,2009,102.0,45.0,62.0,58.0,96.0,11.0,10.9,89.0,1.51,76.0
3303,16,1,2009,76.0,102.0,36.0,36.0,107.0,8.0,11.6,72.0,1.74,45.0
3304,17,1,2009,45.0,76.0,38.0,25.0,107.0,7.0,8.4,46.0,0.38,69.0
3305,18,1,2009,69.0,45.0,70.0,38.0,102.0,10.0,7.2,68.0,0.15,112.0
3306,19,1,2009,112.0,69.0,118.0,60.0,129.0,18.0,9.2,73.0,0.4,112.0
3307,20,1,2009,112.0,112.0,111.0,64.0,121.0,17.0,10.7,80.0,0.92,76.0
3308,21,1,2009,76.0,112.0,59.0,46.0,96.0,10.0,12.7,86.0,2.4,50.0
3309,22,1,2009,50.0,76.0,38.0,26.0,83.0,5.0,17.1,70.0,2.1,44.0
3310,23,1,2009,44.0,50.0,37.0,24.0,94.0,2.0,14.1,77.0,0.72,80.0
3311,24,1,2009,80.0,44.0,62.0,41.0,99.0,8.0,12.7,78.0,0.64,62.0
3312,25,1,2009,62.0,80.0,45.0,36.0,83.0,4.0,12.7,86.0,0.61,92.0
3313,26,1,2009,92.0,62.0,60.0,49.0,108.0,9.0,13.1,73.0,0.89,84.0
3314,27,1,2009,84.0,92.0,66.0,45.0,116.0,15.0,12.9,75.0,0.8,58.0
3320,2,2,2009,57.0,58.0,34.0,29.0,98.0,9.0,9.9,70.0,0.77,79.0
3321,3,2,2009,79.0,57.0,57.0,43.0,105.0,7.0,9.7,88.0,0.8,99.0
3322,4,2,2009,99.0,79.0,77.0,53.0,94.0,8.0,12.4,85.0,0.44,125.0
3324,6,2,2009,98.0,125.0,66.0,52.0,123.0,12.0,13.4,69.0,0.66,70.0
3325,7,2,2009,70.0,98.0,47.0,35.0,99.0,5.0,13.4,79.0,0.97,48.0
3326,8,2,2009,48.0,70.0,44.0,24.0,81.0,1.0,15.5,60.0,1.32,50.0
3327,9,2,2009,50.0,48.0,40.0,24.0,112.0,9.0,12.8,48.0,2.7,36.0
3328,10,2,2009,36.0,50.0,25.0,21.0,106.0,4.0,10.5,45.0,1.19,73.0
3329,11,2,2009,73.0,36.0,63.0,43.0,116.0,15.0,11.3,72.0,0.66,59.0
3330,12,2,2009,59.0,73.0,20.0,29.0,111.0,6.0,10.0,60.0,1.82,40.0
3331,13,2,2009,40.0,59.0,19.0,21.0,118.0,3.0,7.0,45.0,2.32,39.0
3332,14,2,2009,39.0,40.0,20.0,23.0,106.0,8.0,4.9,42.0,2.42,28.0
3333,15,2,2009,28.0,39.0,20.0,17.0,94.0,14.0,5.1,49.0,1.83,44.0
3334,16,2,2009,44.0,28.0,24.0,25.0,121.0,10.0,5.7,43.0,1.78,49.0
3337,19,2,2009,75.0,69.0,34.0,40.0,108.0,10.0,6.3,65.0,3.63,39.0
3338,20,2,2009,39.0,75.0,24.0,24.0,97.0,13.0,3.6,50.0,2.37,40.0
3339,21,2,2009,40.0,39.0,21.0,24.0,111.0,13.0,4.9,44.0,1.19,53.0
3340,22,2,2009,53.0,40.0,26.0,29.0,107.0,15.0,4.8,62.0,0.97,62.0
3341,23,2,2009,62.0,53.0,47.0,37.0,128.0,17.0,6.2,47.0,1.08,81.0
3342,24,2,2009,81.0,62.0,55.0,46.0,137.0,26.0,7.6,54.0,1.21,52.0
3343,25,2,2009,52.0,81.0,35.0,32.0,120.0,25.0,8.6,49.0,1.7,55.0
3344,26,2,2009,55.0,52.0,41.0,34.0,129.0,17.0,7.6,41.0,1.72,47.0
3345,27,2,2009,47.0,55.0,25.0,28.0,129.0,12.0,9.3,39.0,2.37,31.0
3347,1,3,2009,36.0,31.0,27.0,24.0,99.0,15.0,13.2,47.0,0.72,47.0
3350,4,3,2009,51.0,63.0,32.0,31.0,110.0,6.0,14.7,68.0,1.64,46.0
3352,6,3,2009,79.0,46.0,56.0,38.0,86.0,3.0,15.3,62.0,1.9,31.0
3353,7,3,2009,31.0,79.0,19.0,19.0,93.0,2.0,14.0,58.0,1.8,26.0
3354,8,3,2009,26.0,31.0,19.0,14.0,82.0,2.0,13.0,50.0,1.81,45.0
3355,9,3,2009,45.0,26.0,32.0,31.0,117.0,13.0,12.5,51.0,2.54,49.0
3356,10,3,2009,49.0,45.0,30.0,24.0,109.0,4.0,12.4,45.0,1.53,38.0
3357,11,3,2009,38.0,49.0,18.0,23.0,119.0,9.0,10.4,45.0,1.13,41.0
3358,12,3,2009,41.0,38.0,15.0,24.0,109.0,4.0,10.3,61.0,2.28,37.0
3359,13,3,2009,37.0,41.0,30.0,21.0,115.0,3.0,11.3,42.0,2.36,24.0
3360,14,3,2009,24.0,37.0,20.0,16.0,103.0,3.0,12.2,38.0,1.73,26.0
3361,15,3,2009,26.0,24.0,19.0,19.0,98.0,10.0,11.3,42.0,1.26,56.0
3362,16,3,2009,56.0,26.0,31.0,33.0,130.0,14.0,13.8,45.0,2.4,28.0
3363,17,3,2009,28.0,56.0,18.0,19.0,104.0,8.0,13.3,42.0,2.07,42.0
3364,18,3,2009,42.0,28.0,22.0,25.0,108.0,11.0,10.2,45.0,3.33,29.0
3365,19,3,2009,29.0,42.0,26.0,18.0,107.0,7.0,9.6,32.0,0.84,39.0
3366,20,3,2009,39.0,29.0,15.0,25.0,118.0,10.0,8.9,61.0,4.2,46.0
3367,21,3,2009,46.0,39.0,39.0,22.0,75.0,4.0,7.0,79.0,2.38,63.0
3368,22,3,2009,63.0,46.0,16.0,34.0,111.0,3.0,7.3,71.0,1.49,75.0
3370,24,3,2009,78.0,75.0,28.0,42.0,130.0,10.0,13.1,45.0,1.21,29.0
3371,25,3,2009,29.0,78.0,15.0,22.0,118.0,4.0,11.8,57.0,2.25,37.0
3372,26,3,2009,37.0,29.0,25.0,28.0,119.0,9.0,9.3,44.0,0.91,68.0
3373,27,3,2009,68.0,37.0,42.0,40.0,125.0,16.0,11.4,51.0,1.21,55.0
3374,28,3,2009,55.0,68.0,32.0,38.0,119.0,10.0,13.0,61.0,1.08,49.0
3375,29,3,2009,49.0,55.0,36.0,36.0,111.0,6.0,14.3,66.0,0.88,75.0
3376,30,3,2009,75.0,49.0,53.0,50.0,127.0,12.0,15.2,73.0,0.7,120.0
3378,1,4,2009,85.0,120.0,69.0,50.0,122.0,12.0,18.1,71.0,0.61,72.0
3379,2,4,2009,72.0,85.0,60.0,43.0,99.0,10.0,17.4,72.0,1.1,42.0
3380,3,4,2009,42.0,72.0,30.0,27.0,101.0,5.0,16.5,63.0,1.16,48.0
3381,4,4,2009,48.0,42.0,38.0,33.0,116.0,10.0,15.9,60.0,0.84,48.0
3382,5,4,2009,48.0,48.0,34.0,34.0,102.0,7.0,17.5,52.0,1.06,54.0
3384,7,4,2009,43.0,54.0,36.0,30.0,114.0,14.0,16.9,53.0,0.97,57.0
3387,10,4,2009,67.0,79.0,60.0,45.0,133.0,11.0,18.2,52.0,0.88,59.0
3388,11,4,2009,59.0,67.0,54.0,39.0,116.0,10.0,17.4,58.0,1.17,40.0
3389,12,4,2009,40.0,59.0,26.0,30.0,78.0,3.0,16.5,49.0,1.46,58.0
3390,13,4,2009,58.0,40.0,33.0,35.0,117.0,2.0,14.2,63.0,0.87,64.0
3391,14,4,2009,64.0,58.0,35.0,44.0,114.0,5.0,13.9,79.0,0.85,48.0
3393,16,4,2009,67.0,48.0,50.0,41.0,110.0,8.0,17.3,64.0,0.8,53.0
3400,23,4,2009,41.0,42.0,19.0,22.0,86.0,3.0,13.9,70.0,1.34,36.0
3411,4,5,2009,48.0,33.0,36.0,32.0,92.0,10.0,18.1,68.0,0.91,53.0
3412,5,5,2009,53.0,48.0,36.0,36.0,116.0,9.0,20.3,51.0,1.23,45.0
3413,6,5,2009,45.0,53.0,27.0,34.0,122.0,3.0,20.5,49.0,1.79,41.0
3416,9,5,2009,45.0,48.0,38.0,37.0,105.0,4.0,20.7,56.0,1.0,41.0
3419,12,5,2009,63.0,49.0,52.0,41.0,122.0,7.0,22.8,54.0,1.0,69.0
3420,13,5,2009,69.0,63.0,47.0,53.0,118.0,6.0,23.2,62.0,1.34,71.0
3421,14,5,2009,71.0,69.0,38.0,48.0,110.0,2.0,23.5,68.0,1.08,61.0
3422,15,5,2009,61.0,71.0,42.0,43.0,109.0,3.0,23.0,72.0,1.1,59.0
3423,16,5,2009,59.0,61.0,46.0,39.0,95.0,2.0,24.3,66.0,1.05,63.0
3424,17,5,2009,63.0,59.0,41.0,50.0,98.0,2.0,25.3,56.0,1.47,71.0
3425,18,5,2009,71.0,63.0,31.0,49.0,120.0,4.0,25.4,53.0,1.31,59.0
3426,19,5,2009,59.0,71.0,39.0,41.0,96.0,2.0,26.1,54.0,1.3,54.0
3427,20,5,2009,54.0,59.0,39.0,37.0,103.0,3.0,24.2,61.0,1.16,54.0
3429,22,5,2009,53.0,54.0,44.0,36.0,105.0,4.0,25.9,52.0,1.13,55.0
3430,23,5,2009,55.0,53.0,46.0,40.0,116.0,6.0,28.4,43.0,1.31,67.0
3431,24,5,2009,67.0,55.0,35.0,56.0,97.0,8.0,27.8,52.0,1.28,62.0
3432,25,5,2009,62.0,67.0,38.0,37.0,122.0,4.0,27.6,51.0,1.37,46.0
3433,26,5,2009,46.0,62.0,33.0,38.0,89.0,2.0,26.3,54.0,1.54,40.0
3434,27,5,2009,40.0,46.0,29.0,27.0,90.0,3.0,24.2,50.0,1.63,41.0
3435,28,5,2009,41.0,40.0,23.0,29.0,96.0,4.0,23.2,59.0,1.37,55.0
3436,29,5,2009,55.0,41.0,20.0,34.0,119.0,2.0,21.1,65.0,1.23,37.0
3437,30,5,2009,37.0,55.0,23.0,29.0,85.0,3.0,20.9,67.0,1.37,34.0
3439,1,6,2009,46.0,34.0,29.0,36.0,94.0,4.0,23.0,66.0,1.15,52.0
3440,2,6,2009,52.0,46.0,39.0,37.0,92.0,2.0,23.3,72.0,1.07,55.0
3441,3,6,2009,55.0,52.0,29.0,34.0,115.0,4.0,23.7,61.0,1.22,69.0
3442,4,6,2009,69.0,55.0,25.0,43.0,106.0,4.0,24.0,56.0,0.97,66.0
3443,5,6,2009,66.0,69.0,34.0,52.0,107.0,4.0,24.9,58.0,1.33,43.0
3444,6,6,2009,43.0,66.0,31.0,33.0,89.0,2.0,25.7,62.0,1.1,44.0
3445,7,6,2009,44.0,43.0,29.0,33.0,80.0,1.0,26.3,62.0,1.07,57.0
3446,8,6,2009,57.0,44.0,40.0,44.0,99.0,5.0,28.4,54.0,1.11,64.0
3447,9,6,2009,64.0,57.0,45.0,47.0,107.0,5.0,28.5,53.0,1.07,66.0
3448,10,6,2009,66.0,64.0,41.0,46.0,111.0,5.0,29.1,55.0,1.16,53.0
3449,11,6,2009,53.0,66.0,35.0,36.0,104.0,7.0,29.2,54.0,1.24,68.0
3450,12,6,2009,68.0,53.0,47.0,30.0,131.0,7.0,29.4,40.0,2.27,45.0
3451,13,6,2009,45.0,68.0,24.0,34.0,89.0,4.0,25.8,42.0,1.53,44.0
3452,14,6,2009,44.0,45.0,26.0,32.0,89.0,4.0,26.3,38.0,1.43,44.0
3453,15,6,2009,44.0,44.0,29.0,29.0,111.0,8.0,26.5,44.0,1.32,72.0
3454,16,6,2009,72.0,44.0,42.0,58.0,124.0,6.0,27.2,45.0,1.02,80.0
3456,18,6,2009,76.0,80.0,33.0,45.0,97.0,1.0,25.2,70.0,1.09,51.0
3457,19,6,2009,51.0,76.0,34.0,26.0,98.0,1.0,26.2,58.0,1.36,45.0
3458,20,6,2009,45.0,51.0,32.0,34.0,89.0,1.0,27.0,53.0,1.1,48.0
3459,21,6,2009,48.0,45.0,30.0,41.0,76.0,3.0,26.6,56.0,1.21,67.0
3460,22,6,2009,67.0,48.0,29.0,37.0,112.0,2.0,25.7,59.0,1.39,48.0
3461,23,6,2009,48.0,67.0,23.0,32.0,99.0,2.0,26.1,47.0,1.35,58.0
3462,24,6,2009,58.0,48.0,23.0,37.0,104.0,1.0,24.8,53.0,1.04,55.0
3463,25,6,2009,55.0,58.0,24.0,37.0,104.0,2.0,24.3,54.0,1.22,46.0
3464,26,6,2009,46.0,55.0,27.0,39.0,89.0,2.0,25.6,57.0,1.52,63.0
3465,27,6,2009,63.0,46.0,24.0,40.0,90.0,1.0,25.7,59.0,1.17,50.0
3466,28,6,2009,50.0,63.0,17.0,36.0,75.0,1.0,26.2,60.0,0.85,47.0
3467,29,6,2009,47.0,50.0,30.0,34.0,98.0,1.0,26.4,60.0,0.96,48.0
3469,1,7,2009,51.0,48.0,35.0,33.0,113.0,0.0,27.9,55.0,1.16,50.0
3470,2,7,2009,50.0,51.0,29.0,40.0,96.0,1.0,28.5,54.0,1.26,53.0
3471,3,7,2009,53.0,50.0,31.0,43.0,93.0,4.0,29.2,57.0,1.46,50.0
3472,4,7,2009,50.0,53.0,26.0,35.0,96.0,4.0,29.7,49.0,1.3,34.0
3473,5,7,2009,34.0,50.0,23.0,22.0,87.0,1.0,30.4,43.0,1.41,47.0
3474,6,7,2009,47.0,34.0,31.0,35.0,103.0,2.0,28.1,50.0,1.21,44.0
3475,7,7,2009,44.0,47.0,25.0,36.0,89.0,1.0,28.0,54.0,1.13,52.0
3476,8,7,2009,52.0,44.0,32.0,43.0,106.0,3.0,30.6,51.0,1.09,59.0
3477,9,7,2009,59.0,52.0,38.0,43.0,112.0,4.0,31.7,47.0,1.53,52.0
3478,10,7,2009,52.0,59.0,29.0,44.0,85.0,1.0,29.7,59.0,1.42,37.0
3479,11,7,2009,37.0,52.0,26.0,26.0,88.0,1.0,27.6,54.0,3.21,20.0
3480,12,7,2009,20.0,37.0,17.0,13.0,75.0,1.0,25.5,41.0,2.23,34.0
3481,13,7,2009,34.0,20.0,23.0,24.0,112.0,1.0,27.8,33.0,1.45,47.0
3482,14,7,2009,47.0,34.0,26.0,40.0,108.0,2.0,28.9,38.0,1.1,59.0
3483,15,7,2009,59.0,47.0,39.0,46.0,107.0,2.0,29.6,46.0,1.31,58.0
3484,16,7,2009,58.0,59.0,37.0,42.0,110.0,3.0,30.3,48.0,1.19,70.0
3485,17,7,2009,70.0,58.0,45.0,51.0,109.0,5.0,32.2,48.0,1.2,60.0
3486,18,7,2009,60.0,70.0,46.0,46.0,90.0,3.0,31.1,52.0,1.53,59.0
3487,19,7,2009,59.0,60.0,47.0,35.0,79.0,3.0,31.8,44.0,2.53,38.0
3488,20,7,2009,38.0,59.0,27.0,25.0,118.0,4.0,29.6,33.0,1.43,58.0
3489,21,7,2009,58.0,38.0,27.0,50.0,110.0,4.0,29.0,45.0,1.19,56.0
3490,22,7,2009,56.0,58.0,43.0,42.0,100.0,5.0,29.1,52.0,0.65,56.0
3491,23,7,2009,56.0,56.0,40.0,40.0,108.0,6.0,30.0,47.0,0.62,64.0
3492,24,7,2009,64.0,56.0,46.0,50.0,108.0,7.0,30.7,50.0,0.48,62.0
3493,25,7,2009,62.0,64.0,54.0,45.0,96.0,5.0,31.2,53.0,2.55,46.0
3494,26,7,2009,46.0,62.0,42.0,19.0,89.0,8.0,31.1,34.0,1.61,48.0
3495,27,7,2009,48.0,46.0,27.0,39.0,102.0,10.0,28.4,40.0,1.43,49.0
3496,28,7,2009,49.0,48.0,29.0,39.0,97.0,7.0,28.1,50.0,1.3,52.0
3497,29,7,2009,52.0,49.0,38.0,39.0,86.0,3.0,28.2,57.0,1.24,40.0
3498,30,7,2009,40.0,52.0,33.0,28.0,87.0,1.0,29.2,53.0,1.23,72.0
3500,1,8,2009,63.0,72.0,46.0,46.0,97.0,6.0,30.7,49.0,1.27,59.0
3501,2,8,2009,59.0,63.0,38.0,52.0,77.0,4.0,30.0,54.0,1.16,60.0
3502,3,8,2009,60.0,59.0,45.0,46.0,103.0,3.0,29.8,57.0,1.07,60.0
3503,4,8,2009,60.0,60.0,47.0,41.0,96.0,4.0,30.3,57.0,1.09,61.0
3504,5,8,2009,61.0,60.0,50.0,45.0,96.0,5.0,29.3,58.0,1.78,45.0
3505,6,8,2009,45.0,61.0,18.0,29.0,124.0,4.0,26.5,61.0,1.05,54.0
3506,7,8,2009,54.0,45.0,25.0,40.0,116.0,3.0,26.5,62.0,1.12,47.0
3507,8,8,2009,47.0,54.0,31.0,36.0,87.0,1.0,27.8,60.0,1.28,39.0
3508,9,8,2009,39.0,47.0,26.0,28.0,76.0,0.0,27.5,56.0,1.06,46.0
3509,10,8,2009,46.0,39.0,26.0,32.0,93.0,2.0,27.0,57.0,1.29,38.0
3510,11,8,2009,38.0,46.0,25.0,30.0,94.0,2.0,25.5,64.0,1.24,61.0
3511,12,8,2009,61.0,38.0,25.0,35.0,100.0,1.0,24.7,69.0,1.07,42.0
3512,13,8,2009,42.0,61.0,26.0,30.0,91.0,2.0,27.0,57.0,1.0,49.0
3513,14,8,2009,49.0,42.0,33.0,37.0,91.0,3.0,27.7,56.0,1.13,36.0
3514,15,8,2009,36.0,49.0,28.0,28.0,92.0,4.0,27.9,55.0,1.1,46.0
3535,5,9,2009,49.0,64.0,39.0,34.0,88.0,1.0,28.5,60.0,1.58,48.0
3870,6,8,2010,49.0,41.0,71.0,34.0,77.0,2.0,29.9,67.0,1.24,47.0
3871,7,8,2010,47.0,49.0,55.0,31.0,74.0,2.0,29.9,69.0,1.18,36.0
3872,8,8,2010,36.0,47.0,31.0,28.0,97.0,3.0,31.7,49.0,2.08,33.0
3873,9,8,2010,33.0,36.0,25.0,27.0,114.0,2.0,31.4,40.0,1.74,34.0
3874,10,8,2010,34.0,33.0,27.0,27.0,120.0,6.0,32.4,38.0,1.32,41.0
3875,11,8,2010,41.0,34.0,36.0,32.0,112.0,4.0,33.2,42.0,1.31,52.0
3876,12,8,2010,52.0,41.0,39.0,37.0,116.0,4.0,32.7,47.0,1.03,59.0
3877,13,8,2010,59.0,52.0,44.0,36.0,94.0,3.0,31.6,58.0,1.03,51.0
3878,14,8,2010,51.0,59.0,39.0,33.0,94.0,1.0,33.3,50.0,1.14,42.0
3879,15,8,2010,42.0,51.0,32.0,28.0,76.0,4.0,32.7,51.0,2.83,44.0
3880,16,8,2010,44.0,42.0,34.0,30.0,100.0,5.0,32.5,51.0,1.15,50.0
3881,17,8,2010,50.0,44.0,38.0,34.0,113.0,14.0,32.2,50.0,1.11,48.0
3882,18,8,2010,48.0,50.0,42.0,35.0,107.0,3.0,32.1,50.0,1.21,60.0
3883,19,8,2010,60.0,48.0,59.0,35.0,82.0,1.0,31.0,62.0,1.14,53.0
3884,20,8,2010,53.0,60.0,42.0,33.0,119.0,3.0,32.5,44.0,1.36,33.0
3885,21,8,2010,33.0,53.0,25.0,21.0,72.0,2.0,30.9,50.0,1.41,27.0
3886,22,8,2010,27.0,33.0,20.0,18.0,74.0,1.0,29.2,46.0,1.48,33.0
3887,23,8,2010,33.0,27.0,20.0,22.0,99.0,2.0,29.0,40.0,1.34,35.0
3888,24,8,2010,35.0,33.0,29.0,22.0,87.0,7.0,28.7,54.0,1.09,45.0
3889,25,8,2010,45.0,35.0,38.0,27.0,92.0,6.0,30.0,59.0,1.04,51.0
3890,26,8,2010,51.0,45.0,41.0,33.0,117.0,3.0,32.6,44.0,1.18,48.0
3891,27,8,2010,48.0,51.0,40.0,31.0,83.0,2.0,30.7,55.0,1.05,44.0
3892,28,8,2010,44.0,48.0,36.0,30.0,82.0,2.0,30.4,56.0,1.22,39.0
3893,29,8,2010,39.0,44.0,35.0,23.0,99.0,2.0,30.9,42.0,1.82,43.0
3894,30,8,2010,43.0,39.0,30.0,25.0,82.0,6.0,27.9,53.0,1.18,43.0
3896,1,9,2010,39.0,43.0,33.0,20.0,99.0,2.0,23.2,32.0,2.3,26.0
3897,2,9,2010,26.0,39.0,11.0,17.0,103.0,4.0,24.2,34.0,1.27,36.0
3898,3,9,2010,36.0,26.0,25.0,21.0,95.0,5.0,25.2,50.0,1.46,45.0
3899,4,9,2010,45.0,36.0,17.0,27.0,97.0,1.0,22.8,66.0,0.78,37.0
3900,5,9,2010,37.0,45.0,15.0,23.0,97.0,4.0,24.8,53.0,1.12,40.0
3901,6,9,2010,40.0,37.0,22.0,24.0,91.0,3.0,25.2,55.0,1.25,47.0
3902,7,9,2010,47.0,40.0,35.0,28.0,92.0,4.0,25.6,59.0,1.1,45.0
3903,8,9,2010,45.0,47.0,38.0,27.0,91.0,2.0,26.1,62.0,1.02,50.0
3904,9,9,2010,50.0,45.0,47.0,30.0,95.0,2.0,26.7,59.0,1.15,43.0
3905,10,9,2010,43.0,50.0,33.0,24.0,81.0,1.0,26.9,55.0,1.85,29.0
3906,11,9,2010,29.0,43.0,24.0,18.0,60.0,3.0,24.9,53.0,1.25,35.0
3907,12,9,2010,35.0,29.0,15.0,23.0,83.0,1.0,23.8,53.0,1.33,44.0
3908,13,9,2010,44.0,35.0,26.0,25.0,89.0,4.0,24.6,47.0,1.28,46.0
3909,14,9,2010,46.0,44.0,30.0,28.0,99.0,1.0,25.3,51.0,1.6,57.0
3910,15,9,2010,57.0,46.0,46.0,31.0,99.0,6.0,25.7,47.0,0.97,69.0
3911,16,9,2010,69.0,57.0,58.0,37.0,105.0,3.0,25.5,52.0,0.88,75.0
3912,17,9,2010,75.0,69.0,61.0,41.0,108.0,5.0,26.0,57.0,0.8,67.0
3913,18,9,2010,67.0,75.0,49.0,38.0,85.0,3.0,26.3,63.0,0.82,45.0
3914,19,9,2010,45.0,67.0,41.0,28.0,69.0,4.0,26.4,64.0,1.41,52.0
3915,20,9,2010,52.0,45.0,32.0,27.0,105.0,3.0,26.6,45.0,1.86,38.0
3916,21,9,2010,38.0,52.0,28.0,23.0,96.0,5.0,23.9,47.0,1.17,35.0
3917,22,9,2010,35.0,38.0,29.0,21.0,94.0,3.0,24.2,54.0,1.38,29.0
3918,23,9,2010,29.0,35.0,27.0,19.0,106.0,4.0,24.5,42.0,1.16,31.0
3919,24,9,2010,31.0,29.0,32.0,19.0,93.0,3.0,23.8,50.0,0.92,39.0
3920,25,9,2010,39.0,31.0,35.0,22.0,71.0,1.0,24.0,63.0,2.13,20.0
3921,26,9,2010,20.0,39.0,21.0,10.0,60.0,3.0,26.8,53.0,1.06,28.0
3922,27,9,2010,28.0,20.0,31.0,17.0,105.0,6.0,25.3,43.0,0.83,33.0
3923,28,9,2010,33.0,28.0,27.0,19.0,97.0,5.0,26.0,49.0,1.33,33.0
3924,29,9,2010,33.0,33.0,30.0,19.0,80.0,1.0,23.4,65.0,2.15,26.0
3926,1,10,2010,21.0,26.0,19.0,17.0,103.0,5.0,21.8,44.0,1.12,23.0
3927,2,10,2010,23.0,21.0,21.0,16.0,88.0,3.0,21.7,57.0,1.1,29.0
3928,3,10,2010,29.0,23.0,26.0,21.0,82.0,3.0,21.5,60.0,1.75,26.0
3929,4,10,2010,26.0,29.0,23.0,20.0,110.0,1.0,18.4,69.0,1.29,39.0
3930,5,10,2010,39.0,26.0,28.0,22.0,75.0,1.0,19.5,71.0,1.03,25.0
3931,6,10,2010,25.0,39.0,18.0,19.0,98.0,2.0,19.1,75.0,2.1,40.0
3932,7,10,2010,40.0,25.0,14.0,21.0,88.0,1.0,16.3,72.0,0.96,37.0
3933,8,10,2010,37.0,40.0,15.0,24.0,96.0,1.0,14.8,62.0,0.99,52.0
3934,9,10,2010,52.0,37.0,25.0,29.0,111.0,2.0,13.9,45.0,1.57,94.0
3935,10,10,2010,94.0,52.0,35.0,51.0,109.0,5.0,16.2,43.0,1.27,54.0
3936,11,10,2010,54.0,94.0,60.0,45.0,114.0,5.0,15.8,66.0,1.35,39.0
3937,12,10,2010,39.0,54.0,19.0,24.0,99.0,4.0,17.0,83.0,0.7,55.0
3938,13,10,2010,55.0,39.0,19.0,33.0,78.0,1.0,18.5,87.0,0.5,35.0
3939,14,10,2010,35.0,55.0,22.0,21.0,80.0,2.0,19.8,83.0,0.7,25.0
3940,15,10,2010,25.0,35.0,19.0,15.0,82.0,1.0,20.2,77.0,0.79,33.0
3941,16,10,2010,33.0,25.0,10.0,18.0,72.0,1.0,19.9,77.0,1.03,30.0
3942,17,10,2010,30.0,33.0,23.0,21.0,81.0,3.0,20.4,76.0,0.67,26.0
3943,18,10,2010,26.0,30.0,12.0,16.0,101.0,2.0,20.3,77.0,1.74,38.0
3944,19,10,2010,38.0,26.0,18.0,16.0,66.0,1.0,22.1,59.0,1.43,38.0
3945,20,10,2010,38.0,38.0,32.0,19.0,92.0,4.0,20.9,60.0,0.64,31.0
3946,21,10,2010,31.0,38.0,42.0,22.0,111.0,5.0,20.5,54.0,1.27,27.0
3947,22,10,2010,27.0,31.0,21.0,19.0,96.0,4.0,16.1,56.0,0.89,34.0
3948,23,10,2010,34.0,27.0,38.0,23.0,90.0,3.0,16.8,58.0,0.95,44.0
3949,24,10,2010,44.0,34.0,38.0,31.0,88.0,5.0,17.0,64.0,0.89,45.0
3950,25,10,2010,45.0,44.0,50.0,36.0,106.0,6.0,17.0,69.0,0.8,32.0
3951,26,10,2010,32.0,45.0,29.0,25.0,96.0,5.0,19.8,73.0,0.75,27.0
3952,27,10,2010,27.0,32.0,27.0,23.0,107.0,1.0,15.9,79.0,2.12,32.0
3953,28,10,2010,32.0,27.0,9.0,18.0,81.0,1.0,9.5,82.0,1.63,45.0
3954,29,10,2010,45.0,32.0,38.0,27.0,105.0,2.0,11.6,54.0,0.85,51.0
3955,30,10,2010,51.0,45.0,43.0,39.0,92.0,7.0,12.7,62.0,0.81,52.0
3957,1,11,2010,70.0,52.0,58.0,62.0,110.0,17.0,14.1,67.0,0.68,76.0
3958,2,11,2010,76.0,70.0,70.0,63.0,105.0,11.0,15.0,69.0,0.71,78.0
3959,3,11,2010,78.0,76.0,70.0,61.0,105.0,9.0,16.1,70.0,0.55,83.0
3960,4,11,2010,83.0,78.0,91.0,67.0,110.0,9.0,17.7,69.0,0.39,98.0
3961,5,11,2010,98.0,83.0,113.0,71.0,108.0,14.0,18.7,67.0,0.4,82.0
3962,6,11,2010,82.0,98.0,90.0,67.0,108.0,11.0,18.8,66.0,0.33,83.0
3963,7,11,2010,83.0,82.0,76.0,65.0,99.0,8.0,17.9,71.0,0.79,64.0
3964,8,11,2010,64.0,83.0,50.0,44.0,88.0,5.0,19.2,71.0,1.16,37.0
3965,9,11,2010,37.0,64.0,41.0,18.0,69.0,5.0,20.5,62.0,1.92,153.0
3966,10,11,2010,153.0,37.0,169.0,41.0,63.0,2.0,23.4,47.0,1.57,196.0
3967,11,11,2010,196.0,153.0,213.0,68.0,80.0,4.0,22.6,42.0,0.75,116.0
3968,12,11,2010,116.0,196.0,123.0,49.0,86.0,8.0,19.5,68.0,0.86,83.0
3969,13,11,2010,83.0,116.0,79.0,45.0,78.0,6.0,19.0,72.0,0.48,75.0
3970,14,11,2010,75.0,83.0,73.0,52.0,74.0,8.0,19.1,72.0,0.44,88.0
3971,15,11,2010,88.0,75.0,88.0,54.0,94.0,8.0,19.2,69.0,0.49,74.0
3972,16,11,2010,74.0,88.0,64.0,51.0,86.0,7.0,19.1,73.0,0.71,67.0
3973,17,11,2010,67.0,74.0,64.0,46.0,86.0,3.0,18.2,79.0,0.45,58.0
3974,18,11,2010,58.0,67.0,49.0,35.0,89.0,6.0,18.1,61.0,0.58,56.0
3975,19,11,2010,56.0,58.0,54.0,41.0,94.0,6.0,17.7,69.0,0.59,63.0
3976,20,11,2010,63.0,56.0,60.0,34.0,89.0,8.0,17.5,74.0,0.6,59.0
3977,21,11,2010,59.0,63.0,51.0,33.0,85.0,6.0,16.9,72.0,0.88,36.0
3978,22,11,2010,36.0,59.0,27.0,26.0,66.0,2.0,19.2,63.0,2.27,43.0
3979,23,11,2010,43.0,36.0,32.0,23.0,55.0,5.0,19.7,54.0,1.26,26.0
3980,24,11,2010,26.0,43.0,14.0,18.0,69.0,6.0,16.8,50.0,0.79,55.0
3981,25,11,2010,55.0,26.0,36.0,29.0,95.0,9.0,15.3,58.0,0.81,32.0
3982,26,11,2010,32.0,55.0,25.0,26.0,92.0,7.0,15.2,70.0,0.92,60.0
3983,27,11,2010,60.0,32.0,48.0,35.0,102.0,9.0,16.9,61.0,0.58,60.0
3984,28,11,2010,60.0,60.0,54.0,43.0,78.0,9.0,16.4,73.0,0.94,129.0
3985,29,11,2010,129.0,60.0,123.0,46.0,80.0,4.0,20.8,56.0,0.9,62.0
3987,1,12,2010,132.0,62.0,117.0,71.0,70.0,8.0,20.8,55.0,1.87,70.0
3988,2,12,2010,70.0,132.0,65.0,38.0,57.0,10.0,23.5,48.0,1.17,47.0
3989,3,12,2010,47.0,70.0,36.0,26.0,69.0,8.0,21.7,54.0,1.42,43.0
3990,4,12,2010,43.0,47.0,20.0,22.0,56.0,5.0,17.2,68.0,2.13,25.0
3991,5,12,2010,25.0,43.0,13.0,20.0,45.0,13.0,10.3,50.0,0.93,46.0
3993,7,12,2010,77.0,46.0,68.0,50.0,95.0,20.0,12.9,69.0,1.61,79.0
3996,10,12,2010,36.0,91.0,24.0,24.0,35.0,10.0,6.6,47.0,3.9,26.0
3997,11,12,2010,26.0,36.0,9.0,21.0,38.0,18.0,3.1,40.0,2.81,68.0
3998,12,12,2010,68.0,26.0,53.0,65.0,81.0,16.0,5.1,41.0,1.13,73.0
3999,13,12,2010,73.0,68.0,28.0,51.0,85.0,20.0,6.5,69.0,1.58,46.0
4000,14,12,2010,46.0,73.0,26.0,30.0,93.0,13.0,5.9,53.0,1.33,36.0
4001,15,12,2010,36.0,46.0,22.0,29.0,112.0,13.0,2.3,45.0,1.59,63.0
4002,16,12,2010,63.0,36.0,46.0,43.0,92.0,2.0,1.9,66.0,1.43,92.0
4009,23,12,2010,99.0,89.0,71.0,63.0,97.0,17.0,14.8,77.0,0.63,80.0
4010,24,12,2010,80.0,99.0,58.0,49.0,81.0,12.0,14.8,78.0,1.13,39.0
4011,25,12,2010,39.0,80.0,29.0,22.0,88.0,4.0,16.7,62.0,0.7,67.0
4012,26,12,2010,67.0,39.0,49.0,36.0,80.0,12.0,14.7,63.0,1.08,61.0
4013,27,12,2010,61.0,67.0,45.0,37.0,73.0,16.0,12.4,72.0,1.71,40.0
4014,28,12,2010,40.0,61.0,30.0,31.0,54.0,18.0,7.0,53.0,1.05,47.0
4015,29,12,2010,47.0,40.0,35.0,42.0,82.0,22.0,7.1,47.0,0.82,54.0
4016,30,12,2010,54.0,47.0,40.0,46.0,108.0,23.0,7.5,44.0,0.91,82.0
4018,1,1,2011,97.0,82.0,77.0,89.0,89.0,19.0,7.9,58.0,0.6,83.0
4019,2,1,2011,83.0,97.0,69.0,77.0,116.0,13.0,8.5,69.0,1.34,69.0
4020,3,1,2011,69.0,83.0,54.0,45.0,107.0,10.0,6.9,68.0,1.38,49.0
4021,4,1,2011,49.0,69.0,40.0,40.0,96.0,17.0,4.3,59.0,1.41,39.0
4022,5,1,2011,39.0,49.0,31.0,32.0,85.0,11.0,7.4,62.0,1.02,44.0
4023,6,1,2011,44.0,39.0,36.0,38.0,93.0,9.0,8.8,66.0,0.5,73.0
4024,7,1,2011,73.0,44.0,61.0,58.0,87.0,18.0,9.4,68.0,0.39,73.0
4025,8,1,2011,73.0,73.0,63.0,67.0,89.0,12.0,9.9,70.0,0.51,109.0
4026,9,1,2011,109.0,73.0,84.0,92.0,109.0,15.0,10.4,72.0,0.46,142.0
4027,10,1,2011,142.0,109.0,118.0,106.0,142.0,20.0,11.0,72.0,0.47,96.0
4028,11,1,2011,96.0,142.0,90.0,81.0,138.0,18.0,12.6,73.0,0.89,62.0
4029,12,1,2011,62.0,96.0,53.0,57.0,92.0,13.0,13.1,80.0,0.52,84.0
4030,13,1,2011,84.0,62.0,50.0,54.0,110.0,15.0,13.7,71.0,0.57,76.0
4031,14,1,2011,76.0,84.0,65.0,48.0,118.0,27.0,13.6,63.0,0.86,62.0
4032,15,1,2011,62.0,76.0,52.0,41.0,117.0,22.0,14.0,62.0,2.97,23.0
4033,16,1,2011,23.0,62.0,19.0,16.0,83.0,7.0,13.1,48.0,0.68,52.0
4034,17,1,2011,52.0,23.0,42.0,39.0,119.0,26.0,11.8,52.0,0.51,104.0
4035,18,1,2011,104.0,52.0,111.0,82.0,143.0,35.0,11.1,63.0,0.56,115.0
4036,19,1,2011,115.0,104.0,115.0,91.0,143.0,32.0,11.7,66.0,0.7,100.0
4037,20,1,2011,100.0,115.0,97.0,79.0,88.0,24.0,12.8,71.0,0.79,75.0
4038,21,1,2011,75.0,100.0,56.0,72.0,66.0,11.0,12.1,85.0,1.16,59.0
4039,22,1,2011,59.0,75.0,41.0,45.0,70.0,10.0,12.0,79.0,0.89,48.0
4040,23,1,2011,48.0,59.0,32.0,36.0,75.0,12.0,9.7,74.0,0.92,57.0
4041,24,1,2011,57.0,48.0,33.0,40.0,94.0,16.0,7.6,59.0,2.44,36.0
4042,25,1,2011,36.0,57.0,21.0,30.0,87.0,20.0,3.3,49.0,0.79,60.0
4043,26,1,2011,60.0,36.0,60.0,49.0,80.0,34.0,3.7,47.0,0.84,72.0
4044,27,1,2011,72.0,60.0,98.0,70.0,71.0,36.0,6.1,56.0,1.17,40.0
4045,28,1,2011,40.0,72.0,47.0,38.0,77.0,26.0,9.2,58.0,0.86,34.0
4046,29,1,2011,34.0,40.0,35.0,32.0,75.0,18.0,8.4,56.0,1.16,32.0
4047,30,1,2011,32.0,34.0,44.0,30.0,76.0,21.0,8.1,57.0,1.35,39.0
4049,1,2,2011,82.0,39.0,46.0,76.0,79.0,29.0,8.2,51.0,0.96,93.0
4050,2,2,2011,93.0,82.0,82.0,72.0,81.0,37.0,8.0,53.0,1.42,72.0
4051,3,2,2011,72.0,93.0,55.0,56.0,90.0,35.0,8.3,42.0,0.99,69.0
4052,4,2,2011,69.0,72.0,51.0,50.0,109.0,41.0,6.7,36.0,0.86,58.0
4053,5,2,2011,58.0,69.0,55.0,52.0,83.0,29.0,8.5,51.0,0.66,93.0
4054,6,2,2011,93.0,58.0,87.0,85.0,69.0,32.0,12.0,48.0,0.92,70.0
4055,7,2,2011,70.0,93.0,51.0,53.0,85.0,46.0,15.1,37.0,0.51,81.0
4056,8,2,2011,81.0,70.0,77.0,64.0,75.0,35.0,13.3,52.0,1.15,64.0
4057,9,2,2011,64.0,81.0,35.0,43.0,96.0,24.0,14.7,37.0,1.34,34.0
4058,10,2,2011,34.0,64.0,21.0,26.0,96.0,27.0,12.4,26.0,0.65,63.0
4059,11,2,2011,63.0,34.0,63.0,49.0,68.0,28.0,11.0,52.0,0.83,82.0
4060,12,2,2011,82.0,63.0,66.0,66.0,70.0,23.0,12.3,55.0,1.33,38.0
4061,13,2,2011,38.0,82.0,29.0,29.0,65.0,13.0,13.2,52.0,1.16,41.0
4062,14,2,2011,41.0,38.0,35.0,31.0,74.0,15.0,13.3,60.0,1.46,44.0
4063,15,2,2011,44.0,41.0,35.0,37.0,69.0,16.0,11.6,66.0,1.83,43.0
4064,16,2,2011,43.0,44.0,28.0,31.0,86.0,17.0,9.1,68.0,1.38,54.0
4065,17,2,2011,54.0,43.0,40.0,38.0,90.0,4.0,9.8,74.0,1.34,55.0
4066,18,2,2011,55.0,54.0,47.0,43.0,80.0,9.0,11.2,80.0,1.77,42.0
4067,19,2,2011,42.0,55.0,22.0,29.0,83.0,5.0,12.4,68.0,1.53,25.0
4068,20,2,2011,25.0,42.0,20.0,18.0,83.0,11.0,11.2,54.0,1.9,43.0
4069,21,2,2011,43.0,25.0,26.0,29.0,111.0,6.0,9.6,71.0,1.72,39.0
4070,22,2,2011,39.0,43.0,20.0,27.0,95.0,8.0,9.8,69.0,1.44,31.0
4071,23,2,2011,31.0,39.0,15.0,23.0,67.0,4.0,10.6,60.0,1.38,35.0
4072,24,2,2011,35.0,31.0,19.0,28.0,103.0,18.0,10.0,58.0,1.13,50.0
4073,25,2,2011,50.0,35.0,19.0,42.0,120.0,13.0,7.2,60.0,0.84,72.0
4074,26,2,2011,72.0,50.0,24.0,53.0,91.0,9.0,7.2,68.0,1.18,53.0
4075,27,2,2011,53.0,72.0,19.0,44.0,84.0,10.0,7.7,61.0,1.02,53.0
4077,1,3,2011,41.0,53.0,31.0,35.0,117.0,12.0,8.7,61.0,2.13,51.0
4078,2,3,2011,51.0,41.0,39.0,33.0,134.0,9.0,6.0,64.0,1.43,39.0
4079,3,3,2011,39.0,51.0,31.0,28.0,93.0,11.0,7.4,68.0,1.23,41.0
4080,4,3,2011,41.0,39.0,30.0,30.0,88.0,12.0,9.2,62.0,0.83,54.0
4081,5,3,2011,54.0,41.0,40.0,41.0,108.0,9.0,9.2,67.0,1.63,57.0
4082,6,3,2011,57.0,54.0,42.0,41.0,114.0,12.0,9.3,61.0,2.06,42.0
4083,7,3,2011,42.0,57.0,32.0,30.0,114.0,8.0,4.3,58.0,1.4,38.0
4084,8,3,2011,38.0,42.0,29.0,24.0,142.0,11.0,4.9,34.0,1.6,34.0
4085,9,3,2011,34.0,38.0,24.0,28.0,139.0,19.0,5.2,29.0,1.19,43.0
4086,10,3,2011,43.0,34.0,33.0,30.0,115.0,25.0,7.7,33.0,0.87,69.0
4087,11,3,2011,69.0,43.0,53.0,46.0,104.0,23.0,11.0,44.0,0.7,72.0
4088,12,3,2011,72.0,69.0,43.0,49.0,109.0,11.0,12.8,54.0,0.95,61.0
4089,13,3,2011,61.0,72.0,47.0,44.0,86.0,13.0,13.5,64.0,0.84,67.0
4090,14,3,2011,67.0,61.0,44.0,46.0,107.0,17.0,14.1,65.0,0.77,74.0
4091,15,3,2011,74.0,67.0,48.0,49.0,90.0,7.0,13.9,72.0,0.79,71.0
4092,16,3,2011,71.0,74.0,48.0,49.0,103.0,10.0,13.9,76.0,0.93,58.0
4093,17,3,2011,58.0,71.0,47.0,39.0,92.0,5.0,14.9,76.0,0.92,54.0
4094,18,3,2011,54.0,58.0,38.0,34.0,87.0,9.0,15.4,72.0,1.14,49.0
4095,19,3,2011,49.0,54.0,29.0,31.0,107.0,6.0,14.8,72.0,1.03,32.0
4096,20,3,2011,32.0,49.0,13.0,22.0,105.0,11.0,12.5,70.0,0.77,46.0
4097,21,3,2011,46.0,32.0,26.0,30.0,88.0,15.0,11.2,61.0,1.13,38.0
4098,22,3,2011,38.0,46.0,22.0,30.0,72.0,11.0,11.3,55.0,1.0,39.0
4099,23,3,2011,39.0,38.0,21.0,29.0,92.0,17.0,13.2,46.0,1.47,51.0
4100,24,3,2011,51.0,39.0,24.0,38.0,98.0,21.0,17.3,40.0,1.3,43.0
4101,25,3,2011,43.0,51.0,26.0,33.0,77.0,12.0,17.8,42.0,0.77,56.0
4103,27,3,2011,50.0,56.0,27.0,34.0,77.0,15.0,18.4,45.0,1.05,46.0
4104,28,3,2011,46.0,50.0,27.0,28.0,88.0,10.0,16.7,63.0,1.23,56.0
4105,29,3,2011,56.0,46.0,27.0,35.0,89.0,10.0,16.2,74.0,0.79,33.0
4106,30,3,2011,33.0,56.0,26.0,22.0,93.0,11.0,17.6,56.0,1.08,38.0
4108,1,4,2011,43.0,38.0,20.0,33.0,121.0,12.0,16.6,66.0,0.83,39.0
4109,2,4,2011,39.0,43.0,22.0,29.0,99.0,15.0,17.6,55.0,1.49,37.0
4110,3,4,2011,37.0,39.0,20.0,24.0,95.0,11.0,17.1,52.0,1.21,35.0
4111,4,4,2011,35.0,37.0,21.0,24.0,91.0,14.0,15.9,61.0,1.1,49.0
4112,5,4,2011,49.0,35.0,35.0,32.0,117.0,13.0,15.6,66.0,1.13,34.0
4113,6,4,2011,34.0,49.0,14.0,22.0,125.0,7.0,15.8,52.0,1.65,39.0
4114,7,4,2011,39.0,34.0,27.0,30.0,86.0,11.0,17.8,50.0,0.99,59.0
4142,5,5,2011,36.0,53.0,23.0,24.0,136.0,7.0,13.8,75.0,2.13,34.0
4143,6,5,2011,34.0,36.0,26.0,23.0,90.0,16.0,16.5,47.0,1.44,37.0
4144,7,5,2011,37.0,34.0,27.0,25.0,79.0,11.0,16.8,60.0,1.04,38.0
4145,8,5,2011,38.0,37.0,36.0,27.0,75.0,13.0,18.3,61.0,2.13,35.0
4146,9,5,2011,35.0,38.0,22.0,24.0,123.0,14.0,15.4,61.0,1.22,48.0
4147,10,5,2011,48.0,35.0,28.0,34.0,117.0,30.0,19.3,50.0,0.95,50.0
4148,11,5,2011,50.0,48.0,35.0,27.0,44.0,13.0,18.2,59.0,0.85,61.0
4149,12,5,2011,61.0,50.0,34.0,32.0,98.0,10.0,18.1,58.0,0.89,36.0
4150,13,5,2011,36.0,61.0,26.0,22.0,86.0,12.0,20.8,44.0,0.88,41.0
4151,14,5,2011,41.0,36.0,33.0,26.0,70.0,8.0,23.0,42.0,0.81,36.0
4152,15,5,2011,36.0,41.0,32.0,24.0,67.0,7.0,22.3,51.0,0.86,55.0
4153,16,5,2011,55.0,36.0,51.0,34.0,83.0,9.0,21.7,60.0,1.59,49.0
4154,17,5,2011,49.0,55.0,40.0,30.0,91.0,6.0,21.5,63.0,1.6,42.0
4155,18,5,2011,42.0,49.0,33.0,22.0,83.0,6.0,21.3,59.0,1.04,52.0
4156,19,5,2011,52.0,42.0,29.0,29.0,117.0,7.0,19.7,64.0,1.14,56.0
4157,20,5,2011,56.0,52.0,44.0,31.0,69.0,7.0,23.5,53.0,0.92,53.0
4158,21,5,2011,53.0,56.0,44.0,32.0,85.0,3.0,23.9,54.0,1.0,42.0
4159,22,5,2011,42.0,53.0,37.0,26.0,66.0,2.0,25.1,50.0,1.13,55.0
4160,23,5,2011,55.0,42.0,46.0,29.0,78.0,6.0,24.7,54.0,1.02,38.0
4161,24,5,2011,38.0,55.0,34.0,23.0,76.0,4.0,25.5,50.0,1.05,43.0
4163,26,5,2011,45.0,43.0,34.0,26.0,105.0,7.0,26.2,47.0,0.88,46.0
4166,29,5,2011,41.0,40.0,31.0,24.0,65.0,1.0,23.6,64.0,1.25,54.0
4167,30,5,2011,54.0,41.0,37.0,30.0,103.0,6.0,25.2,53.0,1.03,40.0
4169,1,6,2011,45.0,40.0,36.0,28.0,77.0,3.0,24.8,60.0,1.08,50.0
4170,2,6,2011,50.0,45.0,41.0,31.0,68.0,3.0,25.0,61.0,0.94,59.0
4171,3,6,2011,59.0,50.0,41.0,33.0,73.0,2.0,24.8,63.0,1.93,46.0
4172,4,6,2011,46.0,59.0,35.0,27.0,62.0,3.0,24.8,65.0,1.04,44.0
4173,5,6,2011,44.0,46.0,34.0,26.0,64.0,5.0,27.0,50.0,1.12,47.0
4174,6,6,2011,47.0,44.0,41.0,27.0,81.0,4.0,26.2,55.0,1.11,45.0
4175,7,6,2011,45.0,47.0,39.0,25.0,72.0,3.0,25.7,62.0,1.29,49.0
4176,8,6,2011,49.0,45.0,39.0,27.0,73.0,2.0,26.0,60.0,1.12,52.0
4177,9,6,2011,52.0,49.0,54.0,29.0,78.0,3.0,27.8,54.0,1.73,50.0
4178,10,6,2011,50.0,52.0,32.0,27.0,110.0,9.0,28.1,38.0,3.04,37.0
4179,11,6,2011,37.0,50.0,27.0,21.0,93.0,4.0,26.1,39.0,2.26,38.0
4180,12,6,2011,38.0,37.0,26.0,23.0,87.0,1.0,24.0,54.0,1.49,35.0
4181,13,6,2011,35.0,38.0,27.0,26.0,87.0,4.0,25.3,48.0,1.18,42.0
4182,14,6,2011,42.0,35.0,31.0,27.0,86.0,4.0,26.0,49.0,1.43,40.0
4183,15,6,2011,40.0,42.0,30.0,24.0,71.0,2.0,23.6,61.0,1.01,37.0
4184,16,6,2011,37.0,40.0,26.0,27.0,80.0,2.0,25.9,55.0,1.15,49.0
4185,17,6,2011,49.0,37.0,38.0,29.0,83.0,2.0,27.8,51.0,1.06,44.0
4186,18,6,2011,44.0,49.0,45.0,28.0,121.0,2.0,28.0,53.0,1.12,37.0
4187,19,6,2011,37.0,44.0,39.0,23.0,99.0,1.0,28.0,57.0,1.34,48.0
4188,20,6,2011,48.0,37.0,33.0,26.0,119.0,1.0,29.6,40.0,1.95,41.0
4189,21,6,2011,41.0,48.0,35.0,25.0,81.0,1.0,27.6,46.0,1.3,44.0
4192,24,6,2011,44.0,48.0,33.0,25.0,71.0,1.0,29.7,44.0,1.08,51.0
4193,25,6,2011,51.0,44.0,37.0,29.0,98.0,5.0,29.0,40.0,2.56,28.0
4194,26,6,2011,28.0,51.0,21.0,17.0,97.0,3.0,25.4,30.0,2.84,43.0
4195,27,6,2011,43.0,28.0,31.0,26.0,124.0,11.0,25.8,30.0,2.68,39.0
4196,28,6,2011,39.0,43.0,28.0,24.0,97.0,6.0,24.8,36.0,2.32,30.0
4197,29,6,2011,30.0,39.0,19.0,18.0,99.0,8.0,26.1,40.0,1.56,43.0
4199,1,7,2011,39.0,43.0,20.0,22.0,132.0,4.0,26.7,48.0,1.72,26.0
4200,2,7,2011,26.0,39.0,19.0,17.0,98.0,1.0,25.7,52.0,1.24,29.0
4201,3,7,2011,29.0,26.0,24.0,16.0,94.0,2.0,26.1,60.0,1.23,28.0
4202,4,7,2011,28.0,29.0,21.0,18.0,102.0,4.0,26.9,44.0,1.17,37.0
4203,5,7,2011,37.0,28.0,36.0,24.0,96.0,3.0,27.3,49.0,1.56,38.0
4204,6,7,2011,38.0,37.0,28.0,21.0,125.0,5.0,29.6,44.0,1.39,42.0
4205,7,7,2011,42.0,38.0,31.0,25.0,113.0,4.0,30.2,45.0,1.12,43.0
4206,8,7,2011,43.0,42.0,48.0,27.0,90.0,3.0,29.8,48.0,1.11,43.0
4207,9,7,2011,43.0,43.0,46.0,26.0,84.0,1.0,30.4,47.0,1.13,40.0
4208,10,7,2011,40.0,43.0,43.0,26.0,75.0,2.0,32.3,44.0,1.16,47.0
4209,11,7,2011,47.0,40.0,57.0,29.0,91.0,3.0,32.1,45.0,1.28,48.0
4210,12,7,2011,48.0,47.0,47.0,27.0,104.0,3.0,32.2,44.0,1.36,44.0
4211,13,7,2011,44.0,48.0,40.0,28.0,93.0,2.0,32.0,47.0,1.28,38.0
4212,14,7,2011,38.0,44.0,52.0,26.0,86.0,2.0,31.6,50.0,1.22,42.0
4213,15,7,2011,42.0,38.0,30.0,25.0,79.0,1.0,30.9,57.0,1.26,40.0
4214,16,7,2011,40.0,42.0,30.0,23.0,80.0,2.0,31.5,51.0,1.09,37.0
4215,17,7,2011,37.0,40.0,28.0,21.0,57.0,2.0,31.3,47.0,1.17,46.0
4216,18,7,2011,46.0,37.0,45.0,26.0,77.0,2.0,31.5,49.0,1.14,52.0
4217,19,7,2011,52.0,46.0,70.0,28.0,82.0,3.0,31.9,52.0,1.21,51.0
4218,20,7,2011,51.0,52.0,64.0,29.0,88.0,2.0,32.6,50.0,1.6,39.0
4219,21,7,2011,39.0,51.0,24.0,21.0,117.0,4.0,31.3,28.0,1.17,35.0
4220,22,7,2011,35.0,39.0,28.0,20.0,93.0,1.0,30.8,32.0,1.15,36.0
4221,23,7,2011,36.0,35.0,34.0,19.0,72.0,9.0,30.4,40.0,1.3,30.0
4222,24,7,2011,30.0,36.0,27.0,18.0,67.0,9.0,30.5,46.0,1.34,41.0
4223,25,7,2011,41.0,30.0,41.0,22.0,62.0,16.0,30.0,53.0,1.52,36.0
4226,28,7,2011,40.0,35.0,42.0,24.0,75.0,9.0,30.7,44.0,0.95,41.0
4227,29,7,2011,41.0,40.0,39.0,25.0,66.0,4.0,30.8,49.0,1.63,35.0
4228,30,7,2011,35.0,41.0,19.0,21.0,96.0,15.0,30.9,36.0,1.78,31.0
4238,9,8,2011,48.0,36.0,42.0,26.0,83.0,2.0,29.7,63.0,1.01,39.0
4239,10,8,2011,39.0,48.0,38.0,28.0,82.0,8.0,27.8,56.0,2.61,34.0
4240,11,8,2011,34.0,39.0,22.0,20.0,86.0,2.0,24.7,43.0,2.47,29.0
4241,12,8,2011,29.0,34.0,20.0,18.0,98.0,6.0,26.6,37.0,1.23,37.0
4242,13,8,2011,37.0,29.0,29.0,21.0,93.0,3.0,27.9,44.0,1.01,34.0
4243,14,8,2011,34.0,37.0,32.0,19.0,88.0,4.0,28.7,48.0,1.01,35.0
4244,15,8,2011,35.0,34.0,32.0,20.0,89.0,3.0,29.4,52.0,1.01,43.0
4245,16,8,2011,43.0,35.0,45.0,25.0,97.0,2.0,30.2,50.0,1.05,55.0
4246,17,8,2011,55.0,43.0,53.0,31.0,99.0,2.0,31.2,48.0,1.17,47.0
4247,18,8,2011,47.0,55.0,41.0,26.0,101.0,2.0,30.8,51.0,1.14,38.0
4248,19,8,2011,38.0,47.0,33.0,20.0,86.0,6.0,29.7,54.0,1.32,37.0
4249,20,8,2011,37.0,38.0,37.0,21.0,88.0,7.0,29.4,55.0,1.16,36.0
4250,21,8,2011,36.0,37.0,32.0,21.0,94.0,3.0,32.0,40.0,1.37,44.0
4251,22,8,2011,44.0,36.0,39.0,24.0,95.0,2.0,30.6,51.0,1.21,45.0
4252,23,8,2011,45.0,44.0,39.0,25.0,93.0,3.0,30.3,52.0,1.02,58.0
4253,24,8,2011,58.0,45.0,50.0,32.0,103.0,3.0,31.2,46.0,1.08,55.0
4254,25,8,2011,55.0,58.0,56.0,33.0,103.0,3.0,32.0,46.0,1.22,45.0
4255,26,8,2011,45.0,55.0,44.0,25.0,90.0,3.0,30.2,52.0,1.36,33.0
4256,27,8,2011,33.0,45.0,28.0,21.0,89.0,7.0,28.5,45.0,1.38,31.0
4257,28,8,2011,31.0,33.0,28.0,17.0,92.0,6.0,27.9,49.0,1.24,41.0
4258,29,8,2011,41.0,31.0,39.0,22.0,95.0,5.0,28.0,49.0,1.08,45.0
4261,1,9,2011,52.0,45.0,52.0,27.0,118.0,6.0,29.1,52.0,0.83,59.0
4266,6,9,2011,41.0,47.0,42.0,25.0,111.0,5.0,28.3,55.0,0.74,54.0
4269,9,9,2011,70.0,58.0,67.0,41.0,140.0,12.0,28.9,54.0,1.3,37.0
4270,10,9,2011,37.0,70.0,35.0,20.0,96.0,14.0,28.2,47.0,1.15,37.0
4271,11,9,2011,37.0,37.0,37.0,21.0,90.0,7.0,27.7,59.0,1.08,47.0
4272,12,9,2011,47.0,37.0,40.0,25.0,96.0,4.0,27.7,62.0,1.03,44.0
4273,13,9,2011,44.0,47.0,45.0,24.0,86.0,9.0,29.9,52.0,1.04,60.0
4274,14,9,2011,60.0,44.0,54.0,33.0,58.0,21.0,30.0,43.0,0.87,61.0
4275,15,9,2011,61.0,60.0,65.0,35.0,76.0,21.0,29.6,47.0,0.94,61.0
4276,16,9,2011,61.0,61.0,63.0,34.0,82.0,20.0,29.6,50.0,0.97,63.0
4277,17,9,2011,63.0,61.0,61.0,34.0,62.0,6.0,29.7,47.0,0.92,52.0
4278,18,9,2011,52.0,63.0,50.0,29.0,51.0,2.0,29.1,48.0,1.2,44.0
4279,19,9,2011,44.0,52.0,40.0,24.0,49.0,2.0,27.4,53.0,1.5,46.0
4282,22,9,2011,47.0,49.0,31.0,26.0,51.0,8.0,24.5,54.0,1.97,50.0
4286,26,9,2011,52.0,54.0,49.0,31.0,56.0,2.0,24.9,56.0,1.02,38.0
4287,27,9,2011,38.0,52.0,30.0,22.0,58.0,3.0,23.8,48.0,0.96,43.0
4288,28,9,2011,43.0,38.0,36.0,27.0,62.0,13.0,23.8,48.0,0.89,59.0
4289,29,9,2011,59.0,43.0,51.0,34.0,71.0,18.0,24.6,44.0,1.13,47.0
4291,1,10,2011,40.0,47.0,34.0,26.0,72.0,9.0,24.4,49.0,0.91,43.0
4292,2,10,2011,43.0,40.0,30.0,31.0,84.0,12.0,25.2,46.0,1.05,47.0
4293,3,10,2011,47.0,43.0,39.0,30.0,80.0,4.0,24.0,55.0,1.09,52.0
4294,4,10,2011,52.0,47.0,53.0,33.0,80.0,6.0,23.6,59.0,0.93,60.0
4296,6,10,2011,77.0,60.0,71.0,49.0,103.0,19.0,24.3,48.0,0.97,68.0
4304,14,10,2011,30.0,45.0,16.0,22.0,143.0,5.0,15.9,62.0,1.44,38.0
4305,15,10,2011,38.0,30.0,22.0,25.0,93.0,4.0,13.8,72.0,0.94,31.0
4306,16,10,2011,31.0,38.0,17.0,25.0,94.0,13.0,12.8,45.0,1.79,28.0
4307,17,10,2011,28.0,31.0,17.0,23.0,105.0,31.0,11.0,40.0,1.74,57.0
4312,22,10,2011,79.0,91.0,75.0,66.0,105.0,32.0,17.7,66.0,1.07,66.0
4315,25,10,2011,49.0,58.0,45.0,34.0,91.0,12.0,17.7,57.0,0.84,34.0
4316,26,10,2011,34.0,49.0,31.0,24.0,75.0,8.0,17.7,53.0,1.14,44.0
4317,27,10,2011,44.0,34.0,35.0,30.0,101.0,10.0,15.6,51.0,1.17,58.0
4318,28,10,2011,58.0,44.0,54.0,44.0,86.0,20.0,15.0,53.0,0.88,70.0
4319,29,10,2011,70.0,58.0,65.0,54.0,89.0,23.0,14.7,60.0,0.82,50.0
4320,30,10,2011,50.0,70.0,51.0,38.0,93.0,30.0,15.6,51.0,1.11,71.0
4322,1,11,2011,78.0,71.0,90.0,53.0,70.0,20.0,14.0,62.0,0.78,89.0
4323,2,11,2011,89.0,78.0,96.0,83.0,69.0,18.0,14.6,60.0,0.68,85.0
4324,3,11,2011,85.0,89.0,92.0,77.0,74.0,20.0,14.6,60.0,0.75,76.0
4325,4,11,2011,76.0,85.0,87.0,69.0,65.0,17.0,15.0,62.0,0.79,71.0
4326,5,11,2011,71.0,76.0,81.0,62.0,72.0,17.0,15.3,60.0,0.74,78.0
4327,6,11,2011,78.0,71.0,80.0,76.0,74.0,24.0,14.6,64.0,0.88,74.0
4328,7,11,2011,74.0,78.0,62.0,60.0,77.0,12.0,14.9,66.0,0.83,72.0
4329,8,11,2011,72.0,74.0,72.0,63.0,70.0,10.0,15.2,70.0,0.51,74.0
4330,9,11,2011,74.0,72.0,76.0,68.0,87.0,18.0,16.1,67.0,0.66,71.0
4331,10,11,2011,71.0,74.0,65.0,60.0,91.0,14.0,16.7,67.0,1.05,58.0
4332,11,11,2011,58.0,71.0,35.0,48.0,83.0,11.0,12.6,70.0,2.02,37.0
4333,12,11,2011,37.0,58.0,25.0,33.0,68.0,17.0,9.6,53.0,0.83,45.0
4334,13,11,2011,45.0,37.0,29.0,44.0,81.0,26.0,9.7,47.0,1.14,45.0
4335,14,11,2011,45.0,45.0,33.0,38.0,94.0,28.0,11.2,41.0,1.01,54.0
4336,15,11,2011,54.0,45.0,48.0,48.0,101.0,21.0,9.6,43.0,0.93,99.0
4337,16,11,2011,99.0,54.0,102.0,83.0,113.0,26.0,9.9,53.0,0.84,125.0
4338,17,11,2011,125.0,99.0,116.0,104.0,107.0,23.0,10.1,59.0,0.7,123.0
4339,18,11,2011,123.0,125.0,119.0,101.0,125.0,14.0,10.6,56.0,0.77,186.0
4340,19,11,2011,186.0,123.0,151.0,151.0,138.0,19.0,10.6,57.0,0.68,171.0
4341,20,11,2011,171.0,186.0,164.0,139.0,133.0,32.0,10.5,60.0,0.38,170.0
4342,21,11,2011,170.0,171.0,150.0,138.0,145.0,34.0,10.9,62.0,0.62,140.0
4343,22,11,2011,140.0,170.0,157.0,114.0,122.0,23.0,11.3,67.0,0.47,139.0
4344,23,11,2011,139.0,140.0,136.0,108.0,103.0,30.0,12.1,70.0,0.72,87.0
4345,24,11,2011,87.0,139.0,77.0,72.0,78.0,38.0,12.4,64.0,1.13,53.0
4346,25,11,2011,53.0,87.0,49.0,42.0,70.0,39.0,12.2,56.0,0.95,57.0
4347,26,11,2011,57.0,53.0,49.0,55.0,67.0,44.0,12.0,52.0,1.17,62.0
4348,27,11,2011,62.0,57.0,70.0,59.0,72.0,37.0,10.1,48.0,0.91,118.0
4349,28,11,2011,118.0,62.0,121.0,97.0,78.0,65.0,11.3,53.0,0.93,100.0
4350,29,11,2011,100.0,118.0,97.0,82.0,80.0,50.0,13.2,55.0,0.71,119.0
4352,1,12,2011,138.0,119.0,137.0,123.0,92.0,40.0,11.3,64.0,0.5,144.0
4353,2,12,2011,144.0,138.0,130.0,113.0,111.0,38.0,12.2,64.0,0.39,127.0
4354,3,12,2011,127.0,144.0,143.0,107.0,92.0,35.0,12.7,64.0,0.45,133.0
4355,4,12,2011,133.0,127.0,143.0,102.0,85.0,36.0,12.6,70.0,0.51,128.0
4356,5,12,2011,128.0,133.0,118.0,100.0,89.0,44.0,13.0,76.0,0.59,78.0
4357,6,12,2011,78.0,128.0,75.0,55.0,76.0,28.0,16.3,65.0,0.55,63.0
4358,7,12,2011,63.0,78.0,40.0,43.0,89.0,12.0,12.9,63.0,1.09,50.0
4359,8,12,2011,50.0,63.0,45.0,32.0,96.0,15.0,10.1,50.0,2.12,53.0
4360,9,12,2011,53.0,50.0,48.0,38.0,97.0,11.0,10.1,42.0,0.79,78.0
4361,10,12,2011,78.0,53.0,84.0,69.0,92.0,27.0,10.7,57.0,0.52,87.0
4362,11,12,2011,87.0,78.0,102.0,81.0,88.0,29.0,12.9,64.0,0.47,93.0
4363,12,12,2011,93.0,87.0,100.0,81.0,81.0,31.0,13.9,72.0,0.55,80.0
4364,13,12,2011,80.0,93.0,79.0,72.0,88.0,21.0,14.7,74.0,0.51,78.0
4365,14,12,2011,78.0,80.0,99.0,74.0,88.0,23.0,13.4,75.0,0.53,74.0
4366,15,12,2011,74.0,78.0,65.0,61.0,89.0,33.0,13.6,71.0,0.67,58.0
4368,17,12,2011,37.0,58.0,36.0,23.0,77.0,25.0,16.9,50.0,1.45,28.0
4369,18,12,2011,28.0,37.0,23.0,21.0,95.0,26.0,13.0,40.0,1.12,40.0
4370,19,12,2011,40.0,28.0,30.0,28.0,110.0,27.0,10.7,70.0,0.76,58.0
4371,20,12,2011,58.0,40.0,48.0,40.0,93.0,35.0,10.5,71.0,0.86,39.0
4372,21,12,2011,39.0,58.0,27.0,29.0,84.0,35.0,9.2,48.0,1.14,30.0
4373,22,12,2011,30.0,39.0,15.0,24.0,85.0,5.0,4.3,82.0,2.92,58.0
4374,23,12,2011,58.0,30.0,25.0,37.0,76.0,27.0,5.4,66.0,2.1,46.0
4375,24,12,2011,46.0,58.0,39.0,39.0,76.0,28.0,4.9,53.0,1.01,70.0
4376,25,12,2011,70.0,46.0,50.0,64.0,76.0,51.0,5.6,53.0,1.01,55.0
4377,26,12,2011,55.0,70.0,42.0,52.0,75.0,54.0,7.6,54.0,0.84,73.0
4378,27,12,2011,73.0,55.0,65.0,64.0,76.0,47.0,7.0,56.0,0.82,77.0
4379,28,12,2011,77.0,73.0,71.0,71.0,126.0,46.0,6.0,59.0,0.7,95.0
4380,29,12,2011,95.0,77.0,118.0,77.0,109.0,45.0,6.4,67.0,0.48,123.0
4381,30,12,2011,123.0,95.0,132.0,95.0,123.0,42.0,6.6,71.0,0.58,56.0